,actor,필모그래피 개수,천만관객 뱃지 유무,수상 개수
0, 레슬리 만,37.0,None,0.0
1, 조우정,14.0,None,4.0
2, 사카구치 켄타로,18.0,None,1.0
3, 롤프 라스가드,15.0,None,0.0
4, 제네시스 로드리게스,12.0,None,0.0
5, 토머스 F. 윌슨,17.0,None,1.0
6, 설경구,47.0,천만관객,32.0
7, 박영규,24.0,None,8.0
8, 웬디 맥렌던 커비,30.0,None,2.0
9, 헨리 폰다,60.0,None,10.0
10, 테라사키 유카,,,
11, 마일즈 텔러,,,
12, 블레이크 라이블리,,,
13, 크리스 파인,,,
14, 최수인,,,
15, 크리스토퍼 로이드,,,
16, 로사 살라자르,,,
17, 최정현,,,
18, 존 말루프,,,
19, 오태경,,,
20, 김영순,,,
21, 캐서린 프레스콧,,,
22, 나카오 마사키,,,
23, 임지호,,,
24, 김영미,,,
25, 김혜성,,,
26, 찰리 허냄,,,
27, 이정현,,,
28, 장뢰,,,
29, 펑위옌,,,
30, 케빈 코스트너,,,
31, 박성영,,,
32, 데이빗 스트라탄,,,
33, 루이즈 보르고앙,,,
34, 캐리스 밴 허슨,,,
35, 류혜영,,,
36, 사쿠라이 타카히로,,,
37, 산드라 블록,,,
38, 에이사 버터필드,,,
39, 이아인 글렌,,,
40, 패트릭 스튜어트,,,
41, 이드리스 엘바,,,
42, 크리스토프 왈츠,,,
43, 어니스트 움하우어,,,
44, 모레나 바카린,,,
45, 게리 올드만,,,
46, 크리스핀 글로버,,,
47, 이기홍,,,
48, 폴 워커,,,
49, 곽두조,,,
50, 올가 쿠릴렌코,,,
51, 추상미,,,
52, 엔리크 포셀라나,,,
53, 문석범,,,
54, 오마르 차파로,,,
55, 자끄 페렝,,,
56, 메간 폭스,,,
57, 문근영,,,
58, 옥한흠,,,
59, 박경혜,,,
60, 우디 해럴슨,,,
61, 알렉스 뉴이스테터,,,
62, 사사키 미유,,,
63, 마이클 케슬러,,,
64, 페드로 파스칼,,,
65, 제이슨 모모아,,,
66, 송중기,,,
67, 콘노 아유리,,,
68, 이성경,,,
69, 스눕 독,,,
70, 모리타카 아이,,,
71, 존 헤저,,,
72, 제니퍼 코넬리,,,
73, 마일즈 헤이저,,,
74, 미셸 빌레모,,,
75, 스와 나나카,,,
76, 조지 맥케이,,,
77, 윌리암 피츠너,,,
78, 캐서린 제타 존스,,,
79, 배두나,,,
80, 마이린 로비치,,,
81, 매기 큐,,,
82, 브리타니 스노우,,,
83, 나자닌 보니아디,,,
84, 마이키 볼트,,,
85, 애슐리 소머즈,,,
86, 파일,,,
87, 제프 다니엘스,,,
88, 애드리애너 그라지엘,,,
89, 쿠로키 하루,,,
90, 케빈 하트,,,
91, 문보람,,,
92, 잭 킬버그,,,
93, 미야케 켄타,,,
94, 쿠리시마 스미코,,,
95, 박영재,,,
96, 권율,,,
97, 레이디 가가,,,
98, 손현주,,,
99, 크리스 쿠퍼,,,
100, 장혜문,,,
101, 제이미 도넌,,,
102, 케이티 믹슨,,,
103, 김서형,,,
104, 브릿 로버트슨,,,
105, 로렌 딜런,,,
106, 스가 켄타,,,
107, 앤드류 센세닉,,,
108, 매튜 구드,,,
109, 이수혁,,,
110, 빅키 크리엡스,,,
111, 서태화,,,
112, 안서현,,,
113, 서니 설직,,,
114, 마크 게티스,,,
115, 신순애,,,
116, 윤여정,,,
117, 임윤선,,,
118, 사라 폴슨,,,
119, 벤자민 워커,,,
120, 테일러 키취,,,
121, 손예진,,,
122, 김혜준,,,
123, 진선규,,,
124, 루퍼트 프렌드,,,
125, 리즈 아메드,,,
126, 데이지 리들리,,,
127, 왕석현,,,
128, 대니 글로버,,,
129, 마이 브리트 앤더슨,,,
130, 에밀 허쉬,,,
131, 아사노 타다노부,,,
132, 레오나르도 디카프리오,,,
133, 테라지마 스스무,,,
134, 카렌 길런,,,
135, 홍정수,,,
136, 지니퍼 굿윈,,,
137, 콘스탄틴 카벤스키,,,
138, 다니엘 헤니,,,
139, 사카모토 마아야,,,
140, 카롤리네 슈허,,,
141, 존 하슬러,,,
142, 리처드 아미티지,,,
143, 말린 애커맨,,,
144, 줄리아 스타일스,,,
145, 이안 맥쉐인,,,
146, 조쉬 스튜어트,,,
147, 심규혁,,,
148, 캐리 멀리건,,,
149, 알렉스 페티퍼,,,
150, 온영삼,,,
151, 쿠리타 칸이치,,,
152, 유오성,,,
153, 송새벽,,,
154, 유창복,,,
155, 로브 로우,,,
156, 임영석,,,
157, 이시언,,,
158, 정혜원,,,
159, 진이한,,,
160, 빌 멜렌데즈,,,
161, 정재헌,,,
162, 이스라엘 브로우사드,,,
163, 샤키라,,,
164, 귈림 리,,,
165, 이상엽,,,
166, 이시마루 켄지로,,,
167, 김효진,,,
168, 존 터투로,,,
169, 알레산드라 마스트로나르디,,,
170, 정준영,,,
171, 윌 폴터,,,
172, 이유영,,,
173, 신정근,,,
174, 마동석,,,
175, 에밀리 블런트,,,
176, 제이크 질렌할,,,
177, 구민선,,,
178, 캐롤라인 도,,,
179, 아르노 비야르,,,
180, 엄정화,,,
181, 유해무,,,
182, 오순옥,,,
183, 제레미 레이 테일러,,,
184, 김민석,,,
185, 후치가미 마이,,,
186, 정웅인,,,
187, 얀 라벡,,,
188, 최윤정,,,
189, 나라하시 미키,,,
190, 오카모토 노부히코,,,
191, 자비에르 사무엘,,,
192, 알마 포이스티,,,
193, 스콧 앳킨스,,,
194, 김성철,,,
195, 나탈리 포트만,,,
196, 질 를르슈,,,
197, 고수,,,
198, 정은지,,,
199, 우르갼 릭젠,,,
200, 매들린 해리스,,,
201, 캘런 맥오리피,,,
202, 시우민,,,
203, 크리스티나 아길레라,,,
204, 신용우,,,
205, 손윤상,,,
206, 최막이,,,
207, 맥스 레나우딘,,,
208, 마이클 치클리스,,,
209, 마이클 브랜든,,,
210, 김슬기,,,
211, 비고 모텐슨,,,
212, 이서연,,,
213, 이민호,,,
214, 루이 가렐,,,
215, 배소은,,,
216, 이안 제임스 코렛,,,
217, 제프 골드브럼,,,
218, 줄리안 무어,,,
219, 굴초소,,,
220, 나카오 류세이,,,
221, 쉬잔느 클레먼트,,,
222, 린다 해밀턴,,,
223, 성 강,,,
224, 헨리,,,
225, 나딘 벨라즈퀘즈,,,
226, 스탠 워커,,,
227, 레나 헤디,,,
228, 에디 레드메인,,,
229, 박자희,,,
230, 은영선,,,
231, 나탈리 도머,,,
232, 김영애,,,
233,이경영,,,
234, 김고은,,,
235, 윤승희,,,
236, 쿠로다 타카야,,,
237, 자넬 모네,,,
238, 애드리언 브로디,,,
239, 엘피 도넬리,,,
240, 류이호,,,
241, 테사 톰슨,,,
242, 샤이아 라보프,,,
243, 애슐리 벨,,,
244, 코디 스밋 맥피,,,
245, 셀마 헤이엑,,,
246, 스티브 쿠건,,,
247, 아딜 후세인,,,
248, 윌로우 쉴즈,,,
249, 이인석,,,
250, 스티븐 토보로스키,,,
251, 황우슬혜,,,
252, 캐서린 워터스턴,,,
253, 이요섭,,,
254, 장첸,,,
255, 나나,,,
256, 주진모,,,
257, 조디 포스터,,,
258, 마리안느 스퇴거,,,
259, 키키 키린,,,
260, 라다 미첼,,,
261, 안젤라 리치오티,,,
262, 하마츠 타카유키,,,
263, 리처드 용재 오닐,,,
264, 로저 알람,,,
265, 해리슨 포드,,,
266, 김태우,,,
267, 채드윅 보스만,,,
268, 우에다 카나,,,
269, 사라 폴리,,,
270, 히어로 파인즈 티핀,,,
271, 제니퍼 틸리,,,
272, 폴 제슨,,,
273, 드류 베리모어,,,
274, 앵거리 라이스,,,
275, 사라 라이트,,,
276, 고창석,,,
277, 쿠니시마 나오키,,,
278, 오오타니 이쿠에,,,
279, 벤 벡커,,,
280, 다니엘 브륄,,,
281, 까뜨린느 드뇌브,,,
282, 이지훈,,,
283, 베르나데트 라퐁,,,
284, 캐리 월그렌,,,
285, 조이 도이치,,,
286, 미무라 유우나,,,
287, 히노 사토시,,,
288, 하야시야 쇼조,,,
289, 성지루,,,
290, 김우남,,,
291, 방성준,,,
292, 앤디 바클레이,,,
293, 오쿠다 타츠히토,,,
294, 리정샹,,,
295, 나카야마 미호,,,
296, 신한호,,,
297, 데이빗 모스,,,
298, 김주호,,,
299, 박성태,,,
300, 허성재,,,
301, 벤 포스터,,,
302, 테레사 팔머,,,
303, 강타,,,
304, 백진희,,,
305, 조니 뎁,,,
306, 바네사 윌리암스,,,
307, 엘리스 폴,,,
308, 박효신,,,
309, 벤 하디,,,
310, 우치다 마아야,,,
311, 데미안 비쉬어,,,
312, 윤복성,,,
313, 모리타 마사카즈,,,
314, 최석필,,,
315, 후카츠 에리,,,
316, 변우석,,,
317, 에드 옥슨볼드,,,
318, 아베 히로시,,,
319, 데이비드 카에,,,
320, 레슬리 오덤 주니어,,,
321, 페네로피 밀포드,,,
322, 리아나,,,
323, 미즈타 와사비,,,
324, 커트 러셀,,,
325, 김인우,,,
326, 이다 엥볼,,,
327, 문성근,,,
328, 칸다 사야카,,,
329, 유청운,,,
330, 톰 커트니,,,
331, 마이클 J. 폭스,,,
332, 레너드 니모이,,,
333, 이새아,,,
334, 최민호,,,
335, 권창욱,,,
336, 제이슨 스타뎀,,,
337, 자흐 갈리피아나키스,,,
338, 프란치스코,,,
339, 바바라 레니,,,
340, 오다기리 죠,,,
341, 엘리자베스 모스,,,
342, 매즈 미켈슨,,,
343, 웨스 스투디,,,
344, 케이티 응우옌,,,
345, 피오 마르마이,,,
346, 엘리자베스 뱅크스,,,
347, 통따웨이,,,
348, 이사벨라 로셀리니,,,
349, 제임스 플린,,,
350, 헤르난 브라보,,,
351, 링고 스타,,,
352, 장철영,,,
353, 톰 행크스,,,
354, 카야 스코델라리오,,,
355, 존 굿맨,,,
356, 레이첼 니콜스,,,
357, 이주승,,,
358, 네이슨 레인,,,
359, 류준열,,,
360, 제롬 플린,,,
361, 노지마 켄지,,,
362, 오자와 유키요시,,,
363, 타나카 카즈나리,,,
364, 임경신,,,
365, 조슈 브롤린,,,
366, 빌리 디 윌리엄스,,,
367, 이상희,,,
368, 샤메익 무어,,,
369, 기욤 까네,,,
370, 유재상,,,
371, 파이퍼 브라운,,,
372, 조우진,,,
373, 프랑수아 다미앙,,,
374, 장세아,,,
375, 애런 존슨,,,
376, 로버트 시한,,,
377, 문정희,,,
378, 마치아스 슈와바이어퍼,,,
379, 오인실,,,
380, 올리비아 다보,,,
381, 성유빈,,,
382, 김도훈,,,
383, 스칼렛 요한슨,,,
384, 메리 엘리자베스 윈스티드,,,
385, 디몬 하운수,,,
386, 라이언 레이놀즈,,,
387, 정우성,,,
388, 김서영,,,
389, 타카야마 미나미,,,
390, 마야 루돌프,,,
391, 성준,,,
392, 타카츠키 카나코,,,
393, 이와세 료,,,
394, 쿠로사와 토모요,,,
395, 아르튀르 뒤퐁,,,
396, 랄프 파인즈,,,
397, 멜라니 그리피스,,,
398, 메허샬레하쉬바즈 엘리,,,
399, 닉 크롤,,,
400, 폴 다노,,,
401, 조민수,,,
402, 에드 오닐,,,
403, 도미닉 쿠퍼,,,
404, 박희본,,,
405, 요르다노스 시프로우,,,
406, 지진희,,,
407, 마르쿠스 리가르드,,,
408, 카미키 류노스케,,,
409, 사이토 소우마,,,
410, 김유림,,,
411, 임성철,,,
412, 오연서,,,
413, 바이바이허,,,
414, 정가람,,,
415, 이원근,,,
416, 이하늬,,,
417, 로드리고 산토로,,,
418, 로즈마리 드윗,,,
419, 히라 미키지로,,,
420, 손선영,,,
421, 정진영,,,
422, 다니엘 크레이그,,,
423, 엠마 왓슨,,,
424, 크리스토퍼 플러머,,,
425, 소상경,,,
426, 정하담,,,
427, 송재림,,,
428, 양자산,,,
429, 놀런 제라드 펑크,,,
430, 옥타비아 스펜서,,,
431, 저스티스 스미스,,,
432, 김주혁,,,
433, 콜린 베이커,,,
434, 온드레이 트로얀,,,
435, 게자 뢰리히,,,
436, 조쉬 그린,,,
437, 시타야 노리코,,,
438, 이명호,,,
439, 키노 하나,,,
440, 크리스 에반스,,,
441, 클레멘스 포시,,,
442, 데이비드 매주즈,,,
443, 아미르 칸,,,
444, 앵거스 맥페이든,,,
445, 판빙빙,,,
446, 휴 잭맨,,,
447, 커먼,,,
448, 마이클 안젤리스,,,
449, 김원해,,,
450, 잭 에프론,,,
451, 송승헌,,,
452, 루카 아르겐테로,,,
453, 에드가 라미레즈,,,
454, 크리스 터커,,,
455, 제이든 마텔,,,
456, 발렌틴 가프트,,,
457, 알리시아 비칸데르,,,
458, 케리 러셀,,,
459, 정영웅,,,
460, 김우빈,,,
461, 조 카잔,,,
462, 서지석,,,
463, 아론 미르테스,,,
464, 해나 카설카,,,
465, 김혜수,,,
466, 파블로 쉬레이버,,,
467, 류예,,,
468, 홍종현,,,
469, 나가야 카즈아키,,,
470, 베로니카 페레스,,,
471, 조지 셰프소브,,,
472, 리암 게리건,,,
473, 톰 글린 카니,,,
474, 제니퍼 로렌스,,,
475, 윌리엄 루앤,,,
476, 스탠리 투치,,,
477, 김수로,,,
478, 시얼샤 로넌,,,
479, 줄리아 로버츠,,,
480, 김유정,,,
481, 데니스 퀘이드,,,
482, 마이클 제겐,,,
483, 필리스 스미스,,,
484, 토다 에리카,,,
485, 엔조 라티토,,,
486, 가이아 와이즈,,,
487, 사무엘 L. 잭슨,,,
488, 셀마 블레어,,,
489, 이종혁,,,
490, 야쿠쇼 코지,,,
491, 조금맥,,,
492, 소피 터너,,,
493, 제시카 오툴,,,
494, 아미 해머,,,
495, 이명희,,,
496, F. 머레이 아브라함,,,
497, 장은숙,,,
498, 나가사와 마사미,,,
499, 조복래,,,
500, 김정태,,,
501, 견자단,,,
502, 신온유,,,
503, 루카스 제이드 주만,,,
504, 천우희,,,
505, 전진아,,,
506, 조 맨가니엘로,,,
507, 마츠모토 가쿠,,,
508, 멜리사 맥카시,,,
509, 위훈,,,
510, 레벨 윌슨,,,
511, 맥켄지 데이비스,,,
512, 아니카 베데르코프,,,
513, 사라 베이커,,,
514, 줄리엣 곰버트,,,
515, 고경표,,,
516, 맥스 찰스,,,
517, 박준금,,,
518, 장영남,,,
519, 케이제이 슈록,,,
520, 쿠츠나 시오리,,,
521, 리브 슈라이버,,,
522, 공효진,,,
523, 이노우에 카즈히코,,,
524, 박혁권,,,
525, 미야무라 유코,,,
526, 김지율,,,
527, 아네스 자우이,,,
528, 정승욱,,,
529, 스티븐 볼드윈,,,
530, 토미 리 존스,,,
531, 제시카 로테,,,
532, 레지 와츠,,,
533, 최희서,,,
534, 이상윤,,,
535, 하람두,,,
536, 시노하라 료코,,,
537, 이민형,,,
538, 리사 쿠드로,,,
539, 토마츠 하루카,,,
540, 레아 미셀,,,
541, 이안 맥켈런,,,
542, 히라마키 진,,,
543, 알베트 블리크펠트,,,
544, 천정명,,,
545, 브루스 던,,,
546, 김해숙,,,
547, 레오노어 바레라,,,
548, 발리에리 르메르시,,,
549, 팔두트 샤르마,,,
550, 키드 커디,,,
551, 소정환,,,
552, 존 파브로,,,
553, 팀 로스,,,
554, 안탁령,,,
555, 유장영,,,
556, 정국,,,
557, 크리스티나 애플게이트,,,
558, 변영희,,,
559, 제프 브리지스,,,
560, 이총각,,,
561, 존 햄,,,
562, 이시영,,,
563, 코바야시 사나에,,,
564, SM ROOKIES,,,
565, 줄레이카 로빈슨,,,
566, 장유,,,
567, 빌리 블레처,,,
568, 딘 노리스,,,
569, 이연희,,,
570, 크리스토퍼 멜로니,,,
571, 아케사카 사토미,,,
572, 코미야 아리사,,,
573, 전도연,,,
574, 김재철,,,
575, 알렉 볼드윈,,,
576, 방지원,,,
577, 최오식,,,
578, 안드레이 메르즈리킨,,,
579, 윤덕용,,,
580, 사챠 바론 코헨,,,
581, 파울라 베사라,,,
582, 캐리 엘위스,,,
583, 김리흔,,,
584, 게드 엘마레,,,
585, C.G. 웬젤,,,
586, 장성호,,,
587, 오인성,,,
588, 토니 레볼로리,,,
589, 김신우,,,
590, 엘리슨 레이 로젠펠드,,,
591, 키건 마이클 키,,,
592, 스다 마사키,,,
593, 오데야 러쉬,,,
594, 임자걸,,,
595, 마틴 프리먼,,,
596, 김인권,,,
597, 천호진,,,
598, 스콧 이스트우드,,,
599, 김가령,,,
600, 심은하,,,
601, 존 코베트,,,
602, 필립 버그,,,
603, 에두와르도 슐츠,,,
604, 존 번탈,,,
605, 수라즈 샤르마,,,
606, 신정훈,,,
607, 기무라 요시노,,,
608, 대니 분,,,
609, 안피사 체크호바,,,
610, 올리비아 문,,,
611, 설리반 스탭플턴,,,
612, AJ 보웬,,,
613, 김정아,,,
614, 글렌 핸사드,,,
615, 이토 카나에,,,
616, 베일리 매디슨,,,
617, 이안 그루퍼드,,,
618, 시바사키 코우,,,
619, 오오사카 료타,,,
620, 정인선,,,
621, 올리비아 콜맨,,,
622, 사라 제시카 파커,,,
623, 도미닉 웨스트,,,
624, 앤 해서웨이,,,
625, 류의도,,,
626, 하야미 사오리,,,
627, 허위주,,,
628, 다윈 쇼,,,
629, 강금연,,,
630, J.K. 시몬스,,,
631, 폴라 맬콤슨,,,
632, 성룡,,,
633, 조덕희,,,
634, 쿠기미야 리에,,,
635, 김소영,,,
636, 조재윤,,,
637, 박소라,,,
638, 아오야기 후미코,,,
639, 강지환,,,
640, 아담 샌들러,,,
641, 김범,,,
642, 야마구치 유리코,,,
643, 에무라 유우토,,,
644, 토우야마 나오,,,
645, 프랑수아 시빌,,,
646, 스기모토 유,,,
647, 홍석,,,
648, 하동훈,,,
649, 마티유 아말릭,,,
650, 아네트 베닝,,,
651, 요시자와 타이요,,,
652, 파브리지오 롱기온,,,
653, 이창훈,,,
654, 찰톤 헤스톤,,,
655, 안톤 팜부쉬니,,,
656, 강희선,,,
657, 차예련,,,
658, 김아중,,,
659, 알레산드로 로마니,,,
660, 유인나,,,
661, 빌리 크리스탈,,,
662, 안젤리나 졸리,,,
663, 데이비드 코터,,,
664, 이르판 칸,,,
665, 양윤희,,,
666, 닛타 에미,,,
667, 키어시 클레몬스,,,
668, 웨스 벤틀리,,,
669, 아베 사다오,,,
670, 앤드레 고든,,,
671, 김새벽,,,
672, 류경수,,,
673, 문채원,,,
674, 마티아스 쇼에나에츠,,,
675, 로즈 번,,,
676, 황광희,,,
677, 제이미 리 커티스,,,
678, 강이헌,,,
679, 에반 피터스,,,
680, 카일 갈너,,,
681, 알리 라터,,,
682, 킴 딕켄스,,,
683, 안야 테일러 조이,,,
684, 알렉산드르 골로빈,,,
685, 마이클 더글라스,,,
686, 이정재,,,
687, 이노우에 마오,,,
688, 노만 리더스,,,
689, 정혜영,,,
690, 팀 알렌,,,
691, 스자키 아야,,,
692, 페넬로페 크루즈,,,
693, 이고은,,,
694, 곽도원,,,
695, 리암 니슨,,,
696, 크리스찬 베일,,,
697, 권해효,,,
698, 오다 에리카,,,
699, 제이슨 영,,,
700, 케이트 블란쳇,,,
701, 로렐라이 링크레이터,,,
702, 나팟 시앙솜분,,,
703, 홀리 헌터,,,
704, 루크 윌슨,,,
705, 포레스트 휘태커,,,
706, 조현정,,,
707, 임대혁,,,
708, 오정세,,,
709, 이종준,,,
710, 마츠모토 리카,,,
711, 이희준,,,
712, 이미연,,,
713, 김소혜,,,
714, 송채환,,,
715, 임경명,,,
716, 카라 엘레할데,,,
717, 조나단 잭슨,,,
718, 유부원,,,
719, 릴리아나 발바 마이네크,,,
720, 김혜원,,,
721, 김무늬,,,
722, 마르티나 게덱,,,
723, 칼럼 키스 레니,,,
724, 히다카 노리코,,,
725, 브루나 맷신,,,
726, 호세 코로나도,,,
727, 우에노 주리,,,
728, 이윤혁,,,
729, 하라 사유리,,,
730, 안체 트라우,,,
731, 진구,,,
732, 나탈리 샤프,,,
733, 야마시타 다이키,,,
734, 하비에르 바르뎀,,,
735, 김희원,,,
736, 김민준,,,
737, 제임스 프랭코,,,
738, 김태균,,,
739, 데보라 카,,,
740, 크리스틴 벨,,,
741, 마고 로비,,,
742, 펠리시티 존스,,,
743, 데이빗 하버,,,
744, 실비아 획스,,,
745, 매들린 캐롤,,,
746, 류승룡,,,
747, 장진,,,
748, 키퍼 서덜랜드,,,
749, 마이아 세스나,,,
750, 스티브 발렌타인,,,
751, 조안 알렌,,,
752, 임원희,,,
753, 이완 브렘너,,,
754, 나츠카와 유이,,,
755, 유지태,,,
756, 주드 로,,,
757, 마틴 센스마이어,,,
758, 존 조,,,
759, 사브리나 페릴리,,,
760, 엘리자베스 올슨,,,
761, 박인환,,,
762, 타카기 와타루,,,
763, 루이스 호프만,,,
764, 제시 빌드너,,,
765, 바바라 허쉬,,,
766, 로빈 앳킨 다운즈,,,
767, 호아킨 피닉스,,,
768, 김환희,,,
769, 비니 존스,,,
770, 김경희,,,
771, 록산느 맥키,,,
772, 휴고 실바,,,
773, 방연지,,,
774, 정우,,,
775, 키이라 나이틀리,,,
776, 파멜라 애들론,,,
777, 윤계상,,,
778, 쿠마이 모토코,,,
779, 제시 맥카트니,,,
780, 브래들리 쿠퍼,,,
781, 빈스 본,,,
782, 박월선,,,
783, 이원찬,,,
784, 로즈 레슬리,,,
785, 예지원,,,
786, 해몽요,,,
787, 아이다 리카코,,,
788, 코린 폭스,,,
789, 카이 스트로인크,,,
790, 프란시스 맥도맨드,,,
791, 다이안 키튼,,,
792, 유이화,,,
793, 메디 모인자데,,,
794, 제니퍼 로페즈,,,
795, 오유진,,,
796, 아만다 사이프리드,,,
797, 윌리암 볼드윈,,,
798, 로빈 웨이거트,,,
799, 채정안,,,
800, 헤일리 스테인펠드,,,
801, 주디 켈름,,,
802, 키쿠치 코코로,,,
803, 조정석,,,
804, 김강우,,,
805, 이승행,,,
806, 존 F.브룬고트,,,
807, 빌리 크루덥,,,
808, 김응수,,,
809, 샬토 코플리,,,
810, 마크 월버그,,,
811, 타네다 리사,,,
812, 안효민,,,
813, 김하늘,,,
814, 유아,,,
815, 가이 피어스,,,
816, 이장원,,,
817, 정재일,,,
818, 박세진,,,
819, 김희애,,,
820, 키요하라 카야,,,
821, 함수정,,,
822, 미란다 코스그로브,,,
823, 예카테리나 삼소노프,,,
824, 캐서린 키너,,,
825, 고동업,,,
826, 에드워드 허먼,,,
827, 류세이 료,,,
828, 스펜서 로크,,,
829, 아놀드 오셍,,,
830, 애덤 브로디,,,
831, 마허샬라 알리,,,
832, 나가하마 신,,,
833, 데비드 스트리에소브,,,
834, 서지연,,,
835, 모니카 벨루치,,,
836, 오웬 윌슨,,,
837, 조은지,,,
838, 엘리너 톰린슨,,,
839, 알렉산드라 라미,,,
840, 쿠도 아스카,,,
841, 블라디미르 브도비첸코프,,,
842, 잭 맥고원,,,
843, 아델 하에넬,,,
844, 최명빈,,,
845, 아누팜 커,,,
846, 시호,,,
847, 서원석,,,
848, 마리안 알바레즈,,,
849, 나카지마 토모코,,,
850, 김명민,,,
851, 교삼,,,
852, 캐서린 랭포드,,,
853, 닐 패트릭 해리스,,,
854, 매튜 그레이 구블러,,,
855, 야마자키 와카나,,,
856, 이시카와 카이토,,,
857, 제시카 브라운 핀들레이,,,
858, 마리아 카보이아니,,,
859, 아콰피나,,,
860, 덩차오,,,
861, 린 샤예,,,
862, 모로호시 스미레,,,
863, 조엘 에저튼,,,
864, 후쿠하라 하루카,,,
865, 이와이 유키코,,,
866, 마미야 쇼타로,,,
867, 닉 오퍼맨,,,
868, 맷 데이먼,,,
869, 레이첼 와이즈,,,
870, 백윤식,,,
871, 루 리드,,,
872, 알리슨 스토너,,,
873, 전종서,,,
874, 이브 자크,,,
875, 다코타 패닝,,,
876, 크리스텔라 알론조,,,
877, 로버트 패틴슨,,,
878, 헬렌 헌트,,,
879, 고준희,,,
880, 엠마누엘 자이그너,,,
881, 우에사카 스미레,,,
882, 박지윤,,,
883, 하시모토 아이,,,
884, 케이티 코시니,,,
885, 샘 록웰,,,
886, 와타나베 츠루기,,,
887, 제라드 버틀러,,,
888, 코코,,,
889, 파이살 아메드,,,
890, 냇 울프,,,
891, 라미 말렉,,,
892, 카렐 로든,,,
893, 염정아,,,
894, 이소연,,,
895, 에리카 마로잔,,,
896, 윌렘 대포,,,
897, 크리스틴 스콧 토마스,,,
898, 쉐인 하퍼,,,
899, 다니엘 래드클리프,,,
900, 임채헌,,,
901, 틸다 스윈튼,,,
902, 정유미,,,
903, 케빈 베이컨,,,
904, 크리스토퍼 에클리스턴,,,
905, 이시하라 카오리,,,
906, 배진홍,,,
907, 앤서니 퀸틀,,,
908, 루이스 서키스,,,
909, 귀욤 고익스,,,
910, 이엘,,,
911, 스텔란 스카스가드,,,
912, 맥스 마티니,,,
913, 이서진,,,
914, 조쉬 더하멜,,,
915, 엘든 이렌리치,,,
916, 야스노 키요노,,,
917, 아누쉬카 샤르마,,,
918, 시원,,,
919, 토쿠이 소라,,,
920, 카일리 미노그,,,
921, 사무엘 조슬린,,,
922, 마리옹 꼬띠아르,,,
923, 에이샤 호수완,,,
924, 나이토 타카시,,,
925, 로버트 스톨텐베르그,,,
926, 잔 조세프 리퍼스,,,
927, 케이트 미쿠치,,,
928, 이케다 슈이치,,,
929, 올리비아 홀트,,,
930, 채닝 테이텀,,,
931, 카트린 프로,,,
932, 쉬라토리 유리,,,
933, 김의성,,,
934, 전현무,,,
935, 박재현,,,
936, 이안 헤콕스,,,
937, 한으뜸,,,
938, 고아성,,,
939, 안은새,,,
940, 강은비,,,
941, 마리아나 스피바크,,,
942, 후안 샌즈,,,
943, 오노 마치코,,,
944, 오스틴 펜들튼,,,
945, 나탈리 볼트,,,
946, 돈 존슨,,,
947, 한복현,,,
948, 토머스 보 라센,,,
949, 강신철,,,
950, 로저 카렐,,,
951, 루이스 풀먼,,,
952, 라이언 포터,,,
953, 박선영,,,
954, 도미니크 아벨,,,
955, 그웬돌린 크리스티,,,
956, 윤두준,,,
957, 남주혁,,,
958, 엘리아데스 오초아,,,
959, 우에다 유지,,,
960, 최진리,,,
961, 제임스 프레체빌,,,
962, 박상욱,,,
963, 케이트 허드슨,,,
964, 황태광,,,
965, 박정욱,,,
966, 기영도,,,
967, 찰리 콕스,,,
968, 김지민,,,
969, 이태란,,,
970, 변요한,,,
971, 소피 넬리스,,,
972, 알렉산더 스카스가드,,,
973, 루이스 이글레시아스,,,
974, 안윤선,,,
975, 발로리 커리,,,
976, 홍소영,,,
977, 샬롯 램플링,,,
978, 원에스더,,,
979, 조윤희,,,
980, 시오노 아키히사,,,
981, 윤진이,,,
982, 헬렌 미렌,,,
983, 게리 메이틀랜드,,,
984, 전승화,,,
985, 이성민,,,
986, 다케우치 준코,,,
987, 토퍼 그레이스,,,
988, 노아 테일러,,,
989, 지민,,,
990, 정준호,,,
991, 롭 슈나이더,,,
992, 러셀 크로우,,,
993, 잭 맥브레이어,,,
994, 데이빗 크로스,,,
995, 김동욱,,,
996, 키무라 스바루,,,
997, 오양니니,,,
998, 멜리사 레오,,,
999, 베렌 로드리게즈,,,
1000, 루한,,,
1001, 앨런 릭먼,,,
1002, 밀라 요보비치,,,
1003, 박해준,,,
1004, 김환진,,,
1005, 에이미 포엘러,,,
1006, 이하율,,,
1007, 팀 커리,,,
1008, 윤소이,,,
1009, 김옥빈,,,
1010, 엄태웅,,,
1011, 정준하,,,
1012, 설혜인,,,
1013, 엠제이 안소니,,,
1014, 박주광,,,
1015, 조예은,,,
1016, 프랑크 가스탐비드,,,
1017, 오희준,,,
1018, 제임스 맥어보이,,,
1019, 한나 웨어,,,
1020, 쿠마 켄고,,,
1021, 안토니아 베레즈카,,,
1022, 여윤미,,,
1023, 김사라,,,
1024, 제니퍼 가너,,,
1025, 알렉스 러셀,,,
1026, 퍼렐 윌리엄스,,,
1027, 라디카 압테,,,
1028, 캠 지갠뎃,,,
1029, AJ 버클리,,,
1030, 토비 존스,,,
1031, 조지 해리슨,,,
1032, 찰스 그로딘,,,
1033, 아론 에크하트,,,
1034, 클라이브 오웬,,,
1035, 소연,,,
1036, 칼라 구기노,,,
1037, 타나카 마유미,,,
1038, 지나 말론,,,
1039, 이명박,,,
1040, 바네사 커비,,,
1041, 다니 로비라,,,
1042, 오브리 플라자,,,
1043, 손수호,,,
1044, 린-마누엘 미란다,,,
1045, 에밀리 왓슨,,,
1046, 노아 주프,,,
1047, 프랑소와 모렐,,,
1048, 이주창,,,
1049, 메이지 윌리암스,,,
1050, 요시노 히로유키,,,
1051, 데이빗 벨,,,
1052, 피터 사스가드,,,
1053, 제니퍼 엘,,,
1054, 윤종훈,,,
1055, 최지우,,,
1056, 케이트 보스워스,,,
1057, 하용조,,,
1058, 이주실,,,
1059, 아르투 드 팡게른,,,
1060, 재지 비츠,,,
1061, 홍상표,,,
1062, 지대한,,,
1063, 다니엘 비서티,,,
1064, 이태리,,,
1065, 주석희,,,
1066, 렌,,,
1067, 제임스 마스던,,,
1068, 미셀 도커리,,,
1069, 타카츠키 사라,,,
1070, 양자경,,,
1071, 누미 라파스,,,
1072, 폴 니콜스,,,
1073, 이하나,,,
1074, 무카이 오사무,,,
1075, 하비에르 드롤라스,,,
1076, 벤 킹슬리,,,
1077, 줄리엣 비노쉬,,,
1078, 라미란,,,
1079, 엘리자베스 리저,,,
1080, 세스 그린,,,
1081, 하승엽,,,
1082, 올리비아 쿡,,,
1083, 샘 오취리,,,
1084, 앤디 샘버그,,,
1085, 김미랑,,,
1086, 정시연,,,
1087, 미나세 이노리,,,
1088, 애너리즈 바쏘,,,
1089, 진경,,,
1090, 안토니 파딜라,,,
1091, 김선혜,,,
1092, 진기주,,,
1093, 이안 찰슨,,,
1094, 박소담,,,
1095, RM,,,
1096, 페토 메나헴,,,
1097, 주노 템플,,,
1098, 조하은,,,
1099, 코니 브리튼,,,
1100, 황뢰,,,
1101, 핀 화이트헤드,,,
1102, 코바야시 카오루,,,
1103, 트레이스 에드킨스,,,
1104, 메디 사둔,,,
1105, CCH 파운더,,,
1106, 이새봄,,,
1107, 제이미 블랙리,,,
1108, 오오츠카 사에,,,
1109, 박성웅,,,
1110, 곽현화,,,
1111, 김지원,,,
1112, 크리스 J. 머레이,,,
1113, 알렉산더 디퍼시아,,,
1114, 에밀리 라타이코프스키,,,
1115, 제이크 맥더맨,,,
1116, 유혜정,,,
1117, 이경태,,,
1118, 카라 델레바인,,,
1119, 서홍석,,,
1120, 페오도르 아킨,,,
1121, 무라세 아유무,,,
1122, 앵거스 샘슨,,,
1123, 최다인,,,
1124, 박조호,,,
1125, 브래드 스웨일,,,
1126, 박복형,,,
1127, 김명준,,,
1128, 갤 가돗,,,
1129, 소메타니 쇼타,,,
1130, 루안 에머라,,,
1131, 칼리 헤르난데스,,,
1132, 딜란 맥더모트,,,
1133, 타카기 히토시,,,
1134, 김수미,,,
1135, 임슬옹,,,
1136, 니콜라스 케이지,,,
1137, 밥,,,
1138, 황미영,,,
1139, 실베스터 스탤론,,,
1140, 봉만대,,,
1141, 고토 사오리,,,
1142, 이재현,,,
1143, RJ 사일러,,,
1144, 나카무라 치에,,,
1145, 박신양,,,
1146, 아유쉬만 커라나,,,
1147, 제인 폰다,,,
1148, 로베르토 베니니,,,
1149, 카미시라이시 모네,,,
1150, 제이슨 클락,,,
1151, 우치다 아야,,,
1152, 장쯔이,,,
1153, 디 월리스,,,
1154, 아리무라 카스미,,,
1155, 장다운,,,
1156, 론 샤바놀,,,
1157, 코유 랜킨,,,
1158, 조쉬 딜란,,,
1159, 제미마 웨스트,,,
1160, 아그네스 브루크너,,,
1161, 빌 머레이,,,
1162, 크리스틴 위그,,,
1163, 더모트 멀로니,,,
1164, 레이 스티븐슨,,,
1165, 엄채영,,,
1166, T.J. 밀러,,,
1167, 전광주,,,
1168, 샤이니,,,
1169, 주디 데이비스,,,
1170, 조 샐다나,,,
1171, 욜랜드 모로,,,
1172, 로건 레먼,,,
1173, 진혜림,,,
1174, 김현지,,,
1175, 리차드 젠킨스,,,
1176, 이주원,,,
1177, 최유화,,,
1178, 리오 겐,,,
1179, 우치다 카라,,,
1180, 강은애,,,
1181, 폴린 에티엔,,,
1182, 루크 브레이시,,,
1183, 보이드 홀브룩,,,
1184, 켈리 마리 트란,,,
1185, 루비 로즈,,,
1186, 박순동,,,
1187, 데이브 존스,,,
1188, 클레어 포이,,,
1189, 루크 고스,,,
1190, 웨스 로빈슨,,,
1191, 유다인,,,
1192, 헤일리 베넷,,,
1193, 칼라 피터슨,,,
1194, 뷔,,,
1195, 카가와 테루유키,,,
1196, 성민철,,,
1197, 자레드 해리스,,,
1198, 하윤경,,,
1199, 드리아 드 마테오,,,
1200, 사카타 리카코,,,
1201, 박보영,,,
1202, 요시유키 카즈코,,,
1203, 유대형,,,
1204, 월튼 고긴스,,,
1205, 곽설부,,,
1206, 잭 블랙,,,
1207, 니시모토 리미,,,
1208, 프레디 하이모어,,,
1209, 쿠보 유리카,,,
1210, 김한주,,,
1211, 김새론,,,
1212, 제프리 탬버,,,
1213, 노아 스납,,,
1214, 이제훈,,,
1215, 칼릴 해리스,,,
1216, 류이치 사카모토,,,
1217, 소주연,,,
1218, 스털링 제린스,,,
1219, 안소니 마키,,,
1220, 스콧 애짓,,,
1221, 미켈 폴스라르,,,
1222, 안도규,,,
1223, 박금분,,,
1224, 성완경,,,
1225, 엘리자베스 모버그,,,
1226, 자크 검블린,,,
1227, 마리아 시드,,,
1228, 론 펄먼,,,
1229, 하지원,,,
1230, 혁,,,
1231, 산자르 마디에브,,,
1232, 마리아 푸할테,,,
1233, 자레드 길만,,,
1234, 마일스 트루잇,,,
1235, 브렌단 글리슨,,,
1236, 킨죠 야마토,,,
1237, 매켄지 포이,,,
1238, 기욤 갈리엔,,,
1239, 룰루 윌슨,,,
1240, 브랜던 스콧,,,
1241, 존 쿠삭,,,
1242, 케이티 홈즈,,,
1243, 박기웅,,,
1244, 권상우,,,
1245, 유동균,,,
1246, 잭 로던,,,
1247, 마크 스트롱,,,
1248, 크리스틴 돈런,,,
1249, 빌리 하울,,,
1250, 조세핀 자피,,,
1251, 오지호,,,
1252, 크리스티안 울멘,,,
1253, 루크 에반스,,,
1254, 제임스 코든,,,
1255, 이원순,,,
1256, 폴 지아마티,,,
1257, 임지규,,,
1258, 벤 스틸러,,,
1259, 스테이시 마틴,,,
1260, 자스민 리긴스,,,
1261, 데이빗 A.R. 화이트,,,
1262, 이남규,,,
1263, 레이 로마노,,,
1264, 베니시오 델 토로,,,
1265, 카일리 커란,,,
1266, 토니 헤일,,,
1267, 이항나,,,
1268, 최하나,,,
1269, 세토 코지,,,
1270, 릴리 레이브,,,
1271, 덴젤 워싱턴,,,
1272, 올웬 캐서린 켈리,,,
1273, 이계인,,,
1274, 제이슨 리,,,
1275, 에디 이자드,,,
1276, 태런 에저튼,,,
1277, 카토 에미리,,,
1278, 랜디 셸리,,,
1279, 케링턴 페인,,,
1280, 로라 하드독,,,
1281, 여욱환,,,
1282, 서인국,,,
1283, 에반젤린 릴리,,,
1284, 시리 닐센,,,
1285, 제이든 스미스,,,
1286, 칼리 포프,,,
1287, 경첨,,,
1288, 이현진,,,
1289, 로버트 네퍼,,,
1290, 알리슨 필,,,
1291, 이병헌,,,
1292, 벤 애플렉,,,
1293, 노아 자베드라,,,
1294, 에릭 토스티,,,
1295, 지성,,,
1296, 히라타 히로아키,,,
1297, 하타나카 타스쿠,,,
1298, 오셔 잭슨 주니어,,,
1299, 토요나가 토시유키,,,
1300, 조쉬 루카스,,,
1301, 재커리 퀸토,,,
1302, 김수안,,,
1303, 올리비아 데종,,,
1304, 젬마 찬,,,
1305, 세바스티안 시삭,,,
1306, 도널 글리슨,,,
1307, 카린 비아르,,,
1308, 매튜 리즈,,,
1309, 유리,,,
1310, 김도영,,,
1311, 데이빗 스트래던,,,
1312, 모리카와 토시유키,,,
1313, 야오 카즈키,,,
1314, 마츠오카 요시츠구,,,
1315, 고대영,,,
1316, 모건 프리먼,,,
1317, 케빈 지거스,,,
1318, 짐 캐리,,,
1319, 찰리 헌냄,,,
1320, 리코 로드리게스,,,
1321, 니콜라이 킨스키,,,
1322, 케이트 업톤,,,
1323, 왕대륙,,,
1324, 케이틀린 올슨,,,
1325, 임하진,,,
1326, 패트릭 뎀시,,,
1327, 서다혜,,,
1328, 사미르 구에스미,,,
1329, 올랜도 블룸,,,
1330, 실로 페르난데즈,,,
1331, 석승훈,,,
1332, 마크 톰슨,,,
1333, 대니얼 대 킴,,,
1334, 안젤라베이비,,,
1335, 타니야마 키쇼,,,
1336, 키리타니 미레이,,,
1337, 저스틴 롱,,,
1338, 채서진,,,
1339, 소피 드 퓌어스트,,,
1340, 혜리,,,
1341, 오크스 페글리,,,
1342, 안종덕,,,
1343, 멜리사 조안 하트,,,
1344, 스티븐 스트레이트,,,
1345, 존 크래신스키,,,
1346, 제레미 레너,,,
1347, 이세은,,,
1348, 왕지혜,,,
1349, 오스카 아이삭,,,
1350, 존 리스고,,,
1351, 이사벨라 모너,,,
1352, 린제이 던칸,,,
1353, 배창복,,,
1354, 시모지 시노,,,
1355, 패트리샤 히튼,,,
1356, 박상훈,,,
1357, 폴 러드,,,
1358, 장 뒤자르댕,,,
1359, 엠마 스톤,,,
1360, 로레인 투세인트,,,
1361, 김윤석,,,
1362, 정애연,,,
1363, 스티브 스털리,,,
1364, 케이트리오나 발피,,,
1365, 김나니,,,
1366, 헤일리 스콰이어,,,
1367, 50 센트,,,
1368, 모리쿠보 쇼타로,,,
1369, 코너 코롬,,,
1370, 케이티 크라운,,,
1371, 제레미 어바인,,,
1372, 메리 루이스 파커,,,
1373, 로버트 캐러딘,,,
1374, 버트 컬버,,,
1375, 사라 포레스티에,,,
1376, 팀 블레이크 넬슨,,,
1377, 원효초,,,
1378, 이인성,,,
1379, 데보라 프랑소와,,,
1380, 제이크 존슨,,,
1381, 조나 힐,,,
1382, 티모시 스폴,,,
1383, 프랭크 란젤라,,,
1384, 엠마누엘 리바,,,
1385, 캐서린 테이트,,,
1386, 에단 호크,,,
1387,한석규,,,
1388, 장혁,,,
1389, 브릿 쇼,,,
1390, 안도 마사노부,,,
1391, 토마스 크레취만,,,
1392, 칼럼 터너,,,
1393, 이슬,,,
1394, 백승환,,,
1395, 샤를리즈 테론,,,
1396, 야마야 카스미,,,
1397, 조슈아 J. 발라드,,,
1398, 루이사나 로필라토,,,
1399, 이나미 안쥬,,,
1400, 샘 워싱턴,,,
1401, 에린 모리아티,,,
1402, 김민경,,,
1403, 맥스 데이어,,,
1404, 장 도르메송,,,
1405, 김성규,,,
1406, 마크 모라한,,,
1407, 우정신,,,
1408, 제이홉,,,
1409, 소피 오코네도,,,
1410, 제이슨 아이삭스,,,
1411, 오달수,,,
1412, 로자먼드 파이크,,,
1413, 성은,,,
1414, 양정화,,,
1415, 차지연,,,
1416, 윤안나,,,
1417, 데이빗 듈리스,,,
1418, 지현우,,,
1419, 스티븐 딜레인,,,
1420, 크리스토퍼 월켄,,,
1421, 폴 브래니건,,,
1422, 마이클 페나,,,
1423, 아미아 밀러,,,
1424, 래피 캐시디,,,
1425, 우디 앨런,,,
1426, 공리,,,
1427, 찰리 로우,,,
1428, 바이올렛 빈,,,
1429, 앨리시아 벨라 베일리,,,
1430, 조던 캘러웨이,,,
1431, 앤드류 가필드,,,
1432, 카미야 히로시,,,
1433, 지수,,,
1434, 안톤 옐친,,,
1435, 휴 그랜트,,,
1436, 핌차녹 류위셋파이분,,,
1437, 사카키 히데오,,,
1438, 나카무라 유코,,,
1439, 이지현,,,
1440, 정해인,,,
1441, 엠버 허드,,,
1442, 알렉산더 굴드,,,
1443, 브리 라슨,,,
1444, 이관희,,,
1445, 프레더릭 피에롯,,,
1446, 메릴 스트립,,,
1447, 세레나 그랜디,,,
1448, 아이미,,,
1449, 엘르 패닝,,,
1450, 조용주,,,
1451, 마리아 카스트로,,,
1452, 토비 맥과이어,,,
1453, 김민성,,,
1454, 유연석,,,
1455, 이상범,,,
1456, 하하,,,
1457, 아오야기 쇼,,,
1458, 올리비아 와일드,,,
1459, 제프리 라이트,,,
1460, 마그 헬젠버거,,,
1461, 보아,,,
1462, 헤라 힐마,,,
1463, 고성희,,,
1464, 스베리르 구드나손,,,
1465, 이현욱,,,
1466, 폴 베타니,,,
1467, 마샤 게이 하든,,,
1468, 손상연,,,
1469, 하룡이,,,
1470, 마르게타 이글로바,,,
1471, 안장혁,,,
1472, 데이몬 웨이언스 주니어,,,
1473, 미셸 모나한,,,
1474, 에드 해리스,,,
1475, 힐러리 더프,,,
1476, 벤 위쇼,,,
1477, 자크 길포드,,,
1478, 류점희,,,
1479, 데브 파텔,,,
1480, 일리야 함초프,,,
1481, 간정예,,,
1482, 마핫 M. 알리,,,
1483, 김성오,,,
1484, 로리 홀든,,,
1485, 릴리 콜린스,,,
1486, 토니 샬호브,,,
1487, 로버트 드 니로,,,
1488, 숀 애스틴,,,
1489, 민승우,,,
1490, 안세하,,,
1491, 바크하드 압디,,,
1492, 김민교,,,
1493, 에이든 러브캠프,,,
1494, 문소리,,,
1495, 올리버 마수치,,,
1496, 조나단 프라이스,,,
1497, 브라이스 게이사르,,,
1498, 나오미 해리스,,,
1499, 산제이 더트,,,
1500, 이기복,,,
1501, 정의한,,,
1502, 강민준,,,
1503, 하시즈메 이사오,,,
1504, 필립 느와레,,,
1505, 마들렌 비손,,,
1506, 모세 제이콥 스톰,,,
1507, 폴 뉴먼,,,
1508, 김영철,,,
1509, 크리스 헴스워스,,,
1510, 경수진,,,
1511, 김향기,,,
1512, 대악악,,,
1513, 나가노 메이,,,
1514, 홍시호,,,
1515, 밀라 쿠니스,,,
1516, 박근형,,,
1517, 야시로 타쿠,,,
1518, 에리카 크리스틴슨,,,
1519, 토머스 도니,,,
1520, 크리스티앙 클라비에,,,
1521, 스즈키 타츠히사,,,
1522, 론다 로우지,,,
1523, 조미래,,,
1524, 정두언,,,
1525, 김기철,,,
1526, 김두선,,,
1527, 꼼빠이 세군도,,,
1528, 케이트 델 카스틸로,,,
1529, 짐 스터게스,,,
1530, 이진희,,,
1531, 타이론 블론디어,,,
1532, 아론 크렙스,,,
1533, 카리스마 카펜터,,,
1534, 김한나,,,
1535, 알리나 라니나,,,
1536, 구구 바샤-로,,,
1537, 패트릭 스웨이지,,,
1538, 임시완,,,
1539, 강진아,,,
1540, 연우진,,,
1541, 홍은희,,,
1542, 수잔 듀어든,,,
1543, 시다 미라이,,,
1544, 루니 마라,,,
1545, 빅토리아,,,
1546, 고츠 오토,,,
1547, 라일리 코프,,,
1548, 헨리 골딩,,,
1549, 안드레아 덱,,,
1550, 마오,,,
1551, 주원,,,
1552, 탕웨이,,,
1553, 차논 산티네톤쿨,,,
1554, 이주영,,,
1555, 마이클 섀넌,,,
1556, 탁원정,,,
1557, 짐 커밍스,,,
1558, 카일 챈들러,,,
1559, 콤 미니,,,
1560, 권문정,,,
1561, 케브 아담스,,,
1562, 김갑수,,,
1563, 피 부,,,
1564, 정재영,,,
1565, 전무송,,,
1566, 개리,,,
1567, 이정은,,,
1568, 최민수,,,
1569, 김희찬,,,
1570, 킴 딜레이니,,,
1571, 설현,,,
1572, 아론 재커리 필립스,,,
1573, 아놀드 슈왈제네거,,,
1574, 가렛 딜라헌트,,,
1575, 케이트 윈슬렛,,,
1576, 조경숙,,,
1577, 안나 르마르샹,,,
1578, 댄 스티븐스,,,
1579, 양방언,,,
1580, 케이틀린 디아스,,,
1581, 카일리 로저스,,,
1582, 송준석,,,
1583, 제시카 하퍼,,,
1584, 배리 케오간,,,
1585, 김윤진,,,
1586, 케빈 구스리,,,
1587, 헬무트 베르거,,,
1588, 김준현,,,
1589, 김지훈,,,
1590, 브리지트 포시,,,
1591, 토마스 생스터,,,
1592, 안현서,,,
1593, 페가 페리도니,,,
1594, 이지형,,,
1595, 피터 린츠,,,
1596, 김준,,,
1597, 카드 므라드,,,
1598, 조쉬 펙,,,
1599, 크리스 서랜던,,,
1600, 마이크 폴락,,,
1601, 몽가혜,,,
1602, 김은아,,,
1603, 알렉산드르 일린,,,
1604, 헤로니모 임,,,
1605, 사토 타케루,,,
1606, 캐리 앤 모스,,,
1607, 임현식,,,
1608, 리 톰슨,,,
1609, 호소야 요시마사,,,
1610, 곽시양,,,
1611, 정지훈,,,
1612, 장성범,,,
1613, 쿠니치 노무라,,,
1614, 제임스 앨런 맥퀸,,,
1615, 그레타 거윅,,,
1616, 사라 보웰,,,
1617, 이지아,,,
1618, 카지 유우키,,,
1619, 나오미 스콧,,,
1620, 후쿠야마 쥰,,,
1621, 엘리자베스 롬,,,
1622, 황재원,,,
1623, 고보결,,,
1624, 박정민,,,
1625, 유덕화,,,
1626, 휴고 위빙,,,
1627, 한석규,,,
1628, 니키 바칼리,,,
1629, 티아 마이피,,,
1630, 김하영,,,
1631, 유세형,,,
1632, 마이클 키튼,,,
1633, 프레드 세비지,,,
1634, 최민재,,,
1635, 트래반트 로즈,,,
1636, 칸이치로,,,
1637, 김무열,,,
1638, 다니엘 데이 루이스,,,
1639, 저메인 클레멘트,,,
1640, 빈센트 도노프리오,,,
1641, 미셸 로드리게즈,,,
1642, 마이카 먼로,,,
1643, 윤찬영,,,
1644, 박근록,,,
1645, 라스무스 하디커,,,
1646, 하야시바라 메구미,,,
1647, 차태현,,,
1648, 필립 글래스,,,
1649, 줄리 월터스,,,
1650, 주지훈,,,
1651, 박해일,,,
1652, 강혜정,,,
1653, 니노 카스텔누오보,,,
1654, 베라 파미가,,,
1655, 안소희,,,
1656, 마리야 미로노바,,,
1657, 제이콥 트렘블레이,,,
1658, 줄리안 허프,,,
1659, 마이클 오그,,,
1660, 이디나 멘젤,,,
1661, 강동원,,,
1662, 야마모토 미즈키,,,
1663, 안젤리카 베일,,,
1664, 로라 치아티,,,
1665, 로렌스 피시번,,,
1666, 제이슨 서디키스,,,
1667, 마이클 무어,,,
1668, 나가세 마사토시,,,
1669, 야마데라 코이치,,,
1670, 에모토 아키라,,,
1671, 타마시로 티나,,,
1672, 히가시데 마사히로,,,
1673, 아나 지라르도,,,
1674, 디에고 루나,,,
1675, 마가렛 피사렉,,,
1676, 제임스 스페이더,,,
1677, 이태경,,,
1678, 브루노 마스,,,
1679, 키언 존슨,,,
1680, 크리스틴 스튜어트,,,
1681, 신구,,,
1682, 박소영,,,
1683, 나탈리 베이,,,
1684, 박서준,,,
1685, 이리노 미유,,,
1686, 권소현,,,
1687, 션 헤이즈,,,
1688, 더글러스 부스,,,
1689, 카롤리나 바르체,,,
1690, 정선혜,,,
1691, 김민정,,,
1692, 지창욱,,,
1693, 김시아,,,
1694, 리카르도 알라니스,,,
1695, 벤 크로스,,,
1696, 필라르 로페스 데 아얄라,,,
1697, 다누쉬,,,
1698, 로망 뒤리스,,,
1699, 데이빗 월튼,,,
1700, 엑셀 프랄,,,
1701, 정원창,,,
1702, 임창정,,,
1703, 캐머런 영,,,
1704, 코니 닐슨,,,
1705, 정우식,,,
1706, 사이먼 페그,,,
1707, 잭 브라이트,,,
1708, 브루스 윌리스,,,
1709, 산페이 유코,,,
1710, 코야마 리키야,,,
1711, 사이토 슈카,,,
1712, 해나 존-케이먼,,,
1713, 가브리엘 유니온,,,
1714, 유해진,,,
1715, 엠마 테이트,,,
1716, 사문영,,,
1717, 브렌든 프레이저,,,
1718, 다이고 코타로,,,
1719, 진세연,,,
1720, 레이 파크,,,
1721, 윤제문,,,
1722, 제레미 아이언스,,,
1723, 데이빗 알루,,,
1724, 클리프톤 콜린스 주니어,,,
1725, 조성하,,,
1726, 칼리 쿠오코,,,
1727, 조지나 제인,,,
1728, 김소희,,,
1729, 양정원,,,
1730, 벤 스몰,,,
1731, 플로렌스 포레스티,,,
1732, 카를로스 블랑코,,,
1733, 슈가,,,
1734, 제커리 레비,,,
1735, 최준영,,,
1736, 다니엘 칼루야,,,
1737, 폴라 패튼,,,
1738, 잔느 모로,,,
1739, 나카죠 아야미,,,
1740, 마크 해밀,,,
1741, 하나자와 카나,,,
1742, 크리스 프랫,,,
1743, 사라 스누크,,,
1744, 박영화,,,
1745, 톰 윌킨슨,,,
1746, 이완 맥그리거,,,
1747, 데이비드 웬햄,,,
1748, 스티브 부세미,,,
1749, 크리스티안 맥케이,,,
1750, 타도코로 아즈사,,,
1751, 난죠 요시노,,,
1752, 하마베 미나미,,,
1753, 이예원,,,
1754, 루카 치코바니,,,
1755, 톈위,,,
1756, 제라르딘 나카체,,,
1757, 김민희,,,
1758, 카일 맥라클란,,,
1759, 밀리 바비 브라운,,,
1760, 시스틴 로즈 스탤론,,,
1761, 루시 펀치,,,
1762, 제임스 카비젤,,,
1763, 엠마뉴엘 잘,,,
1764, 이규창,,,
1765, 조시 게드,,,
1766, 랄프 슈미츠,,,
1767, 티파니 해디쉬,,,
1768, 유동근,,,
1769, 오오시마 유코,,,
1770, 요코하마 류세이,,,
1771, 이범수,,,
1772, 정준원,,,
1773, 제이미 캠벨 바우어,,,
1774, 신경선,,,
1775, 사라 테일러,,,
1776, 김현수,,,
1777, 맨디 파틴킨,,,
1778, 헨리 토마스,,,
1779, 홍민아,,,
1780, 신세경,,,
1781, 엠바이어 칠더스,,,
1782, 테드 맥긴리,,,
1783, 프레야 메이버,,,
1784, 캐서린 제타-존스,,,
1785, 김율,,,
1786, 김가빈,,,
1787, 김래원,,,
1788, 김상중,,,
1789, 배정미,,,
1790, 마츠유키 야스코,,,
1791, 폴 브라이언트,,,
1792, 니콜라스 파렐,,,
1793, 수시 울드,,,
1794, 에이사 곤살레스,,,
1795, 토비어스 멘지스,,,
1796, 에바 노블자다,,,
1797, 코바야시 아이카,,,
1798, 이자벨 위페르,,,
1799, 랜디 웨인,,,
1800, 린다 카델리니,,,
1801, 고마츠 나나,,,
1802, 남상일,,,
1803, 사이몬 필립스,,,
1804, 엄지원,,,
1805, 시아란 힌즈,,,
1806, 유승호,,,
1807, 에스미 마키코,,,
1808, 이소은,,,
1809, 야나기 미키,,,
1810, 카롤리나 비드라,,,
1811, 엘리자베스 올린,,,
1812, 김현욱,,,
1813, 알 파치노,,,
1814, 키타 카나,,,
1815, 니콜라스 홀트,,,
1816, 타티아나 빌헬모바,,,
1817, 치치 마린,,,
1818, 저스틴 채트윈,,,
1819, 프란세스 드 라 투어,,,
1820, 이학주,,,
1821, 박성광,,,
1822, 박해수,,,
1823, 아드리안 팔리키,,,
1824, 르자,,,
1825, 스테파니 비트리즈,,,
1826, 장광,,,
1827, 길해연,,,
1828, 벨라 손,,,
1829, 장병관,,,
1830, 프라파스 콜사라논,,,
1831, 켄 정,,,
1832, 제임스 얼 존스,,,
1833, 벤 프라이스,,,
1834, 리타 시디퀴,,,
1835, 체비 체이스,,,
1836, 멜 깁슨,,,
1837, 터커 알브리지,,,
1838, 니콜 프로보스트,,,
1839, 에즈라 밀러,,,
1840, 클랜시 브라운,,,
1841, 가스파르 울리엘,,,
1842, 서예지,,,
1843, 발 킬머,,,
1844, 조예신,,,
1845, 홍익표,,,
1846, 유수호,,,
1847, 김하연,,,
1848, 최성은,,,
1849, 김태환,,,
1850, 오마라 포르투온도,,,
1851, 에드워드 노튼,,,
1852, 로란트 도이취,,,
1853, 마이크 보겔,,,
1854, 구교환,,,
1855, 레이첼 맥아담스,,,
1856, 스즈키 아이나,,,
1857, 슝다이린,,,
1858, 마이클 C. 홀,,,
1859, 강소라,,,
1860, 레일라 분야삭,,,
1861, 이자벨라 비도빅,,,
1862, 장 피에르 바크리,,,
1863, 류덕환,,,
1864, 코빈 리드,,,
1865, 태성,,,
1866, 최윤영,,,
1867, 수잔 서랜든,,,
1868, 조진웅,,,
1869, 장민혁,,,
1870, 로몰라 가레이,,,
1871, 팜케 얀센,,,
1872, 권성혁,,,
1873, 이영석,,,
1874, 나탈리아 레이즈,,,
1875, 최우식,,,
1876, 이코 우웨이스,,,
1877, 리차드 매든,,,
1878, 크리스티나 헨드릭스,,,
1879, 구잘 투르수노바,,,
1880, 나문희,,,
1881, 버나 펠턴,,,
1882, 더스틴 호프만,,,
1883, 테노크 휴에타,,,
1884, 믹키 섬너,,,
1885, 가인,,,
1886, 헤일리 루 리차드슨,,,
1887, 에드 스크레인,,,
1888, 존 호키스,,,
1889, 유지원,,,
1890, 택연,,,
1891, 바하르 파르스,,,
1892, 고서희,,,
1893, 공명,,,
1894, 곽희성,,,
1895, 김보영,,,
1896, 세바스찬 스탠,,,
1897, 코리 스톨,,,
1898, 토타니 키미토,,,
1899, 이종우,,,
1900, 제이미 정,,,
1901, 강계열,,,
1902, 서영화,,,
1903, 롭 브라이든,,,
1904, 지오바니 리비시,,,
1905, 주디 그리어,,,
1906, 루비 반힐,,,
1907, 이자벨 까레,,,
1908, 이청아,,,
1909, 임주환,,,
1910, 라스 울리히,,,
1911, 에디뜨 스꼽,,,
1912, 박누가,,,
1913, 알란 터딕,,,
1914, 에이미 슈머,,,
1915, 미쉘 윌리엄스,,,
1916, 오연수,,,
1917, 이시이 안나,,,
1918, 비 스크릿 위셋케우,,,
1919, 안소니 홉킨스,,,
1920, 비올라 데이비스,,,
1921, 히라이즈미 세이,,,
1922, 조지나 헤이그,,,
1923, 장기용,,,
1924, 마크 이바니어,,,
1925, 이민지,,,
1926, 오카무라 아케미,,,
1927, 김지혜,,,
1928, 장 르노,,,
1929, 풍소봉,,,
1930, 강석우,,,
1931, J. 마이클 핀리,,,
1932, 에바 그린,,,
1933, 한지민,,,
1934, 전지현,,,
1935, 파브리스 루치니,,,
1936, 로버트 포스터,,,
1937, 할리 베리,,,
1938, 수지,,,
1939, 셜리 맥클레인,,,
1940, 엘다르 바간,,,
1941, 타무라 무츠미,,,
1942, 노에미 르보브스키,,,
1943, 오노 켄쇼,,,
1944, 손호준,,,
1945, 시에나 밀러,,,
1946, 오키아유 료타로,,,
1947, 샤니 빈슨,,,
1948, 강문,,,
1949, 조니 녹스빌,,,
1950, 헤더 로클리어,,,
1951, 윌리엄 잭슨 하퍼,,,
1952, 전여빈,,,
1953, 이정구,,,
1954, 브느와 마지멜,,,
1955, 쿠스다 아이나,,,
1956, 샐리 호킨스,,,
1957, 바크하드 압디라만,,,
1958, 케이트 마라,,,
1959, 장동건,,,
1960, 죠 카이리,,,
1961, 로버트 다우니 주니어,,,
1962, 사이토 슈스케,,,
1963, 제시 테일러 퍼거슨,,,
1964, 우치야마 코우키,,,
1965, 이종걸,,,
1966, 플로리안 데이비드 핏츠,,,
1967, 변종필,,,
1968, 강봉성,,,
1969, 빌 헤이더,,,
1970, 김성균,,,
1971, 모리 나나,,,
1972, 김진홍,,,
1973, 지미 펄론,,,
1974, 도미닉 파리,,,
1975, 박상면,,,
1976, 이지영,,,
1977, 케이트 맥키넌,,,
1978, 김영선,,,
1979, 닉 로빈슨,,,
1980, 전태열,,,
1981, 김장,,,
1982, 헨리 카빌,,,
1983, 찰스 댄스,,,
1984, 세키네 츠토무,,,
1985, 임서주,,,
1986, 이현우,,,
1987, 김민규,,,
1988, 커스틴 던스트,,,
1989, 이와미 마나카,,,
1990, 스티븐 아멜,,,
1991, 고형원,,,
1992, 패트릭 윌슨,,,
1993, 윤학병,,,
1994, 공형진,,,
1995, 황원,,,
1996, 오오쿠치 켄고,,,
1997, 스티브 잔,,,
1998, 헌프리 토페라,,,
1999, 이제인,,,
2000, 유재명,,,
2001, 타카스기 마히로,,,
2002, 드니 라방,,,
2003, 코지마 리리아,,,
2004, 빌 나이,,,
2005, 일리야 크보스티코브,,,
2006, 이경영,,,
2007, 정상훈,,,
2008, 남도형,,,
2009, 조나단 리스 마이어스,,,
2010, 박영남,,,
2011, 일라이저 우드,,,
2012, 박희정,,,
2013, 크리스 브라운,,,
2014, 하석,,,
2015, 스티브 스타놀리스,,,
2016, 빌 풀만,,,
2017, 돌프 룬드그렌,,,
2018, 티라돈 수파펀핀요,,,
2019, 에릭 엘모스니노,,,
2020, 정성화,,,
2021, 크리스토프 하덱,,,
2022, 로버트 진티,,,
2023, 카와스미 아야코,,,
2024, 박상우,,,
2025, 호리카와 료,,,
2026, 정인기,,,
2027, 최낙윤,,,
2028, 서반석,,,
2029, 엠마 로버츠,,,
2030, 엘런 드제너러스,,,
2031, 니시무라 마사히코,,,
2032, 진지희,,,
2033, 데이브 프랭코,,,
2034, 숀 로버츠,,,
2035, 라이언 필립,,,
2036, 홍은택,,,
2037, 아르멘 드지가르크하니안,,,
2038, 폴 홈즈,,,
2039, 백도빈,,,
2040, 이설구,,,
2041, 안토니아 토마스,,,
2042, 시몬 압카리언,,,
2043, 마리아 데 메데이로스,,,
2044, 안나 켄드릭,,,
2045, 조지 클루니,,,
2046, 김선아,,,
2047, 카케이 토시오,,,
2048, 윌 아넷,,,
2049, 브누와 뽀엘부르드,,,
2050, 브래드리 휘트포드,,,
2051, 김용준,,,
2052, 엘리자베스 라일,,,
2053, 온주완,,,
2054, 시마자키 노부나가,,,
2055, 빌 스카스가드,,,
2056, 강하늘,,,
2057, 마원,,,
2058, 오카다 토키히코,,,
2059, 김성령,,,
2060, 닉 프로스트,,,
2061, 케네스 브래너,,,
2062, 마이클 세라,,,
2063, 누마쿠라 마나미,,,
2064, 스티브 호웨이,,,
2065, 빌 세이지,,,
2066, 슈하마 하루미,,,
2067, 제이 코트니,,,
2068, 제미마 루퍼,,,
2069, 차이나 앤 맥클레인,,,
2070, 프랑소아 다미앙,,,
2071, 노자와 마사코,,,
2072, 황도원,,,
2073, 조안나 럼리,,,
2074, 몬티 카스티네이라스,,,
2075, 이노우에 마리나,,,
2076, 에프엑스,,,
2077, 후리하타 아이,,,
2078, 신민아,,,
2079, 피어스 브로스넌,,,
2080, 클라라,,,
2081, 아예렛 주러,,,
2082, 주디 덴치,,,
2083, 킴벌리 윌리엄스-페이슬리,,,
2084, 마츠오카 마유,,,
2085, 공유,,,
2086, 니콜레타 브라스키,,,
2087, 아트 파킨슨,,,
2088, 알바 로르와처,,,
2089, 샤론 스톤,,,
2090, 제이미 폭스,,,
2091, 정혜옥,,,
2092, 코토부키 미나코,,,
2093, 신시아 닉슨,,,
2094, 에이미 라이언,,,
2095, 이봄,,,
2096, 미셸 파이퍼,,,
2097, 마리오 카사스,,,
2098, 트레이 파커,,,
2099, 정소민,,,
2100, 윤세웅,,,
2101, 챈털 로비,,,
2102, 트래비스 핌멜,,,
2103, 이용신,,,
2104, 박병은,,,
2105, 시모노 히로,,,
2106, 최귀화,,,
2107, 호리에 유이,,,
2108, 스칼릿 조핸슨,,,
2109, 세이모어 번스타인,,,
2110, 강예원,,,
2111, 홍후백,,,
2112, 황창영,,,
2113, 니노미야 케이타,,,
2114, 헤더 린드,,,
2115, 오언조,,,
2116, 노무현,,,
2117, 곽윤상,,,
2118, 줄리엣 루이스,,,
2119, 서연주,,,
2120, 릴리 프랭키,,,
2121, 제임스 뱃지 데일,,,
2122, 앰버 허드,,,
2123, 이광기,,,
2124, 김성수,,,
2125, 마크 맥케나,,,
2126, 정주원,,,
2127, 채시라,,,
2128, 크레이그 T. 넬슨,,,
2129, 라그니 그뢴블롬,,,
2130, 제시카 비엘,,,
2131, 코오로기 사토미,,,
2132, 아론 폴,,,
2133, 코리 호킨스,,,
2134, 구자형,,,
2135, 이세영,,,
2136, 황정민,,,
2137, 다코타 존슨,,,
2138, 혼다 츠바사,,,
2139, 타이 쉐리던,,,
2140, 루퍼트 그린트,,,
2141, 조재현,,,
2142, 지안,,,
2143, 강한나,,,
2144, 마틴 맥커친,,,
2145, 서교,,,
2146, 토머스 보르히 닐슨,,,
2147, 이유리,,,
2148, 주진우,,,
2149, 조세핀 랭포드,,,
2150, 잭 오코넬,,,
2151, 이아인,,,
2152, 캐서린 터너,,,
2153, 웨슬리 스나입스,,,
2154, 베티 길핀,,,
2155, 채민지,,,
2156, 류승곤,,,
2157, 헬레나 본햄 카터,,,
2158, 양동근,,,
2159, 김진영,,,
2160, 미셸 제너,,,
2161, 키엘 산체즈,,,
2162, 김민주,,,
2163, 탈리타 베이트먼,,,
2164, 토마스 이안 니콜라스,,,
2165, 브래드 피트,,,
2166, 마미 검머,,,
2167, 크리스틴 우즈,,,
2168, 진의함,,,
2169, 필립 세이모어 호프만,,,
2170, 사카모토 치카,,,
2171, 정만식,,,
2172, 칼 어번,,,
2173, 오오하라 메구미,,,
2174, 타베 미카코,,,
2175, 알레산드로 티베리,,,
2176, 카르멘 에조고,,,
2177, 로빈 맥레비,,,
2178, 매튜 맥커너히,,,
2179, 앨버트 브룩스,,,
2180, 마누엘 가르시아 룰포,,,
2181, 케이시 애플렉,,,
2182, 루시 리우,,,
2183, 심은경,,,
2184, 제프리 러쉬,,,
2185, 이경준,,,
2186, 샬롯 라일리,,,
2187, 제레미 슈어레즈,,,
2188, 샘 엘리어트,,,
2189, 오드리 토투,,,
2190, 이파니,,,
2191, 미타 원스,,,
2192, 스키트 울리치,,,
2193, 조 페시,,,
2194, 매기 그레이스,,,
2195, 테라시마 쥰타,,,
2196, 레슬리 존스,,,
2197, 조쉬 키튼,,,
2198, 홍수아,,,
2199, 마키 요코,,,
2200, 크리스 히친,,,
2201, 키스 스탠필드,,,
2202, 스기타 토모카즈,,,
2203, 김동영,,,
2204, 김영광,,,
2205, 알렉산드르 시엠체브,,,
2206, 한 메구미,,,
2207, 스테파노 디오니시,,,
2208, 딜란 스프로즈,,,
2209, 마이클 쉰,,,
2210, 매츠 랑백카,,,
2211, 리차드 E. 그랜트,,,
2212, 크리스토퍼 검머러스,,,
2213, 애니 파츠,,,
2214, 이소영,,,
2215, 빅터 슬레작,,,
2216, 오노 유우키,,,
2217, 타우픽 바롬,,,
2218, 스테파니 스콧,,,
2219, 게르 두아니,,,
2220, 이천희,,,
2221, 아이작 햄스터드 라이트,,,
2222, 송혜교,,,
2223, 김학철,,,
2224, 잭 레이너,,,
2225, 원진아,,,
2226, 제라르 드빠르디유,,,
2227, 제라르딘 제임스,,,
2228, 수잔 클레망,,,
2229, 존 존 브라이언스,,,
2230, 아녜스 바르다,,,
2231, 노영주,,,
2232, 수애,,,
2233, 담요문,,,
2234, 베키 지,,,
2235, 김정은,,,
2236, 가브리엘라 와일드,,,
2237, 드니 포달리데스,,,
2238, 도날드 서덜랜드,,,
2239, 앨리스 잉글러트,,,
2240, 미모리 스즈코,,,
2241, 한효주,,,
2242, 비티 칼리오,,,
2243, 로라 리니,,,
2244, 김정훈,,,
2245, 비비카 A. 폭스,,,
2246, 코라 켄고,,,
2247, 마일로 벤티밀리아,,,
2248, 진 핵크만,,,
2249, 마려,,,
2250, 데비 허니우드,,,
2251, 마고 마틴데일,,,
2252, 제임스 홍,,,
2253, 키티 코코넨,,,
2254, 장-루이 트린티냥,,,
2255, 라이언 콴튼,,,
2256, 이케마츠 소스케,,,
2257, 김창완,,,
2258, 정은채,,,
2259, 코린 네멕,,,
2260, 아리 아비탄,,,
2261, 조운,,,
2262, 백승영,,,
2263, 조쉬 위긴스,,,
2264, 밀리센트 시몬스,,,
2265, 휴 로리,,,
2266, 카미시라이시 모카,,,
2267, 박민지,,,
2268, 브랜든 T. 잭슨,,,
2269, 파커 포시,,,
2270, 리즈 위더스푼,,,
2271, 크리스 오다우드,,,
2272, 안영미,,,
2273, 채수빈,,,
2274, 자인 알 라피아,,,
2275, 후지와라 케이지,,,
2276, 조인성,,,
2277, 레이첼 르페브르,,,
2278, 리아오 판,,,
2279, 투레 린드하르트,,,
2280, 박희순,,,
2281, 장경부,,,
2282, 이바나 바쿠에로,,,
2283, 이호산,,,
2284, 세스 맥팔레인,,,
2285, 신현빈,,,
2286, 아키야마 유즈키,,,
2287, 제니퍼 제이슨 리,,,
2288, 전노민,,,
2289, 송지효,,,
2290, 하비에르 레이,,,
2291, 장정정,,,
2292, 사카모토 이츠키,,,
2293, 김예은,,,
2294, 니시카와 슌스케,,,
2295, 후쿠야마 마사하루,,,
2296, 엘리 세모운,,,
2297, 에드워드 제임스 올모스,,,
2298, 이아이,,,
2299, 아야노 고,,,
2300, 토마스 헤이든 처치,,,
2301, 야스미나 필라리 보넨,,,
2302, 사쿠라 아야네,,,
2303, 베론 웰스,,,
2304, 야마구치 캇페이,,,
2305, 톰 히들스턴,,,
2306, 이수진,,,
2307, 켈리 클락슨,,,
2308,전지현,,,
2309, 정유정,,,
2310, 켈시 그래머,,,
2311, 테일러 키니,,,
2312, 주이 디샤넬,,,
2313, 변현우,,,
2314, 조 스완버그,,,
2315, 박재훈,,,
2316, 곽사연,,,
2317, 로버트 숀 레오나드,,,
2318, 바네사 허진스,,,
2319, 카호,,,
2320, 쉐일린 우들리,,,
2321, 콘도 타카유키,,,
2322, 이광수,,,
2323, 민아,,,
2324, 소이현,,,
2325, 아메리카 페레라,,,
2326, 유아인,,,
2327, 사만다 비,,,
2328, 슈퍼주니어,,,
2329, 애덤 리바인,,,
2330, 현빈,,,
2331, 마이클 돕슨,,,
2332, 마리 블로쿠스,,,
2333, 엄기준,,,
2334, 이재범,,,
2335, 안토니오 반데라스,,,
2336, 알리스태어 브래머,,,
2337, 알렉산드라 마리아 라라,,,
2338, 콜린 파렐,,,
2339, 톰 홀랜드,,,
2340, 아오이 유우,,,
2341, 로랑 라피트,,,
2342, 마커스 스크리브너,,,
2343, 루시 보인턴,,,
2344, 아미 카레로,,,
2345, 행크 아자리아,,,
2346, 엔도 아야,,,
2347, 블레이크 스타델,,,
2348, 제시 어셔,,,
2349, 손은서,,,
2350, 리빙빙,,,
2351, 윌 스미스,,,
2352, 마이클 B. 조던,,,
2353, 이준,,,
2354, 케이트 베킨세일,,,
2355, 안나 데 라 레구에라,,,
2356, 젠 맥앨리스터,,,
2357, 박신희,,,
2358, 한혜진,,,
2359, 헤일리 앳웰,,,
2360, 최무성,,,
2361, 카야노 아이,,,
2362, 야지마 아키코,,,
2363, 강성우,,,
2364, 쉘리 헨닝,,,
2365, 브리안느 쥬,,,
2366, 이효제,,,
2367, 이요원,,,
2368, 루이스 맥더겔,,,
2369, 김연아,,,
2370, 애디슨 팀린,,,
2371, 이순재,,,
2372, 민디 캘링,,,
2373, 카를 크리스티안 룬드만,,,
2374, 헉 밀너,,,
2375, 이상철,,,
2376, 이민하,,,
2377, 리지 캐플란,,,
2378, 토리 켈리,,,
2379, 에미 로섬,,,
2380, 임백굉,,,
2381, 프루넬 샤를-암브롱,,,
2382, 최민식,,,
2383, 유호정,,,
2384, 데릭 제이코비,,,
2385, 제시카 랭,,,
2386, 나카 리이사,,,
2387, 린,,,
2388, 케이티 페리,,,
2389, 고성일,,,
2390, 이브라힘 페레르,,,
2391, 샘 클라플린,,,
2392, 최원형,,,
2393, 최덕희,,,
2394, 제이 바루첼,,,
2395, 타부,,,
2396, 송영인,,,
2397, 더그 존스,,,
2398, 골쉬프테 파라하니,,,
2399, 안나 와게너,,,
2400, 브라이스 달라스 하워드,,,
2401, 아일라 피셔,,,
2402, 이성열,,,
2403, 트린 디어홈,,,
2404, 키트 해링턴,,,
2405, 이나라,,,
2406, 조엘리 리차드슨,,,
2407, 아키야마 리나,,,
2408, 안내상,,,
2409, 마이클 케인,,,
2410, 오가타 켄이치,,,
2411, 이송,,,
2412, 채드 모건,,,
2413, 배성우,,,
2414, 조아킴 크롤,,,
2415, 레베카 퍼거슨,,,
2416, 힐러리 스웽크,,,
2417, 자레드 레토,,,
2418, 김소진,,,
2419, 시마다 빈,,,
2420, 브루노 살로몬,,,
2421, 성동일,,,
2422, 안홍진,,,
2423, 호 타이 화,,,
2424, 페리다 월시-필로,,,
2425, 존 허트,,,
2426, 김상경,,,
2427, 조이 킹,,,
2428, 기네스 팰트로,,,
2429, 스즈키 안,,,
2430, 쿠니무라 준,,,
2431, 안재홍,,,
2432, 알란 커밍,,,
2433, 벤 멘델슨,,,
2434, 브래드 거렛,,,
2435, 이옥새,,,
2436, 모리카와 아오이,,,
2437, 차승원,,,
2438, 톰 크루즈,,,
2439, 한신,,,
2440, 리암 헴스워스,,,
2441, 케이티 색코프,,,
2442, 뱅상 카셀,,,
2443, 제임스 아놀드 테일러,,,
2444, 제이크 웨버,,,
2445, 나이젤 하버스,,,
2446, 패트리샤 아퀘트,,,
2447, 스테파니 시그만,,,
2448, 타케우치 준코,,,
2449, 시고니 위버,,,
2450, 이장훈,,,
2451, 타일러 페리,,,
2452, 김승태,,,
2453, 테리 첸,,,
2454, 강신일,,,
2455, 조 판토리아노,,,
2456, 이나가키 고로,,,
2457, 히스 레저,,,
2458, 토빈 벨,,,
2459, 에밀리 미드,,,
2460, 니콜라이 코스터 왈도,,,
2461, 양가휘,,,
2462, 마야 패리쉬,,,
2463, 세바스찬 냅,,,
2464, 존 헨쇼,,,
2465, 한채아,,,
2466, 쿠와시마 호우코,,,
2467, 캐서린 헤이글,,,
2468, 가브리엘 베이트먼,,,
2469, 빈 디젤,,,
2470, 윤진서,,,
2471, 봉태규,,,
2472, 양유진,,,
2473, 제이슨 밋첼,,,
2474, 심이영,,,
2475, 크리스티나 리치,,,
2476, 짐 개피건,,,
2477, 이폴리트 지라르도,,,
2478, 크레이그 퍼거슨,,,
2479, 프란시스 바버,,,
2480, 그레이스 검머,,,
2481, 이승기,,,
2482, 타카하시 미나미,,,
2483, 왕경송,,,
2484, 세키 토시히코,,,
2485, 브렌튼 스웨이츠,,,
2486, 피터 유스티노프,,,
2487, 존 레귀자모,,,
2488, 남경읍,,,
2489, 코자쿠라 에츠코,,,
2490, 박지영,,,
2491, 앤쥴 리 딕슨,,,
2492, 루이스 블랙,,,
2493, 에이단 터너,,,
2494, 조성목,,,
2495, 미셸 윌리엄스,,,
2496, 하비에르 보텟,,,
2497, 세키 토모카즈,,,
2498, 마이클 매드슨,,,
2499, 돈 치들,,,
2500, 프랭크 그릴로,,,
2501, 김장겸,,,
2502, 콜린 퍼스,,,
2503, 스테링 할러웨이,,,
2504, 마크 러팔로,,,
2505, 박충선,,,
2506, 조승우,,,
2507, 필리 그로인,,,
2508, 이모겐 푸츠,,,
2509, 이이다 리호,,,
2510, 미야마 카렌,,,
2511, 킬리언 머피,,,
2512, 엄태구,,,
2513, 김대명,,,
2514, 이창환,,,
2515, 카카즈 유미,,,
2516, 오스틴 스토웰,,,
2517, 수호,,,
2518, 오웬 바카로,,,
2519, 타이 심킨스,,,
2520, 조여정,,,
2521, 임주현,,,
2522, 베네딕트 컴버배치,,,
2523, 마이클 스털버그,,,
2524, 크리스티나 톤테리 영,,,
2525, 디오,,,
2526, 문남숙,,,
2527, 박주희,,,
2528, 막스 폰 시도우,,,
2529, 데인 드한,,,
2530, 타카토 야스히로,,,
2531, 이현주,,,
2532, 쵸,,,
2533, 타이사 파미가,,,
2534, 서영희,,,
2535, 아이카와 리카코,,,
2536, 휴 보네빌,,,
2537, 글렌 클로즈,,,
2538, 다나베 세이치,,,
2539, 루크 트레더웨이,,,
2540, 미야자와 리에,,,
2541, 존 보예가,,,
2542, 장혜진,,,
2543, 현경수,,,
2544, 존 시나,,,
2545, 전광렬,,,
2546, 페이 더너웨이,,,
2547, 오라 가리도,,,
2548, 멜비 푸포,,,
2549, 루시오 마우리노,,,
2550, 치웨텔 에지오포,,,
2551, 릭 윤,,,
2552, 카라타 에리카,,,
2553, 다이안 레인,,,
2554, 박영희,,,
2555, 김보나,,,
2556, 앤 르 니,,,
2557, 조한선,,,
2558, 비,,,
2559, 오만석,,,
2560, 히라노 아야,,,
2561, 이토 아오이,,,
2562, 오구리 슌,,,
2563, 이세원,,,
2564, 박철민,,,
2565, 이시아,,,
2566, 알렉상드르 아스티에,,,
2567, 김희선,,,
2568, 남상미,,,
2569, 김상호,,,
2570, 우마 서먼,,,
2571, 미치엘 휘즈먼,,,
2572, 데이커 몽고메리,,,
2573, 나탈리아 로스미나티,,,
2574, 케빈 제임스,,,
2575, 홍광호,,,
2576, 리처드 E. 그랜트,,,
2577, 매기 질렌할,,,
2578, 마이클 패스벤더,,,
2579, 숀 펜,,,
2580, 조지 타케이,,,
2581, 계관림,,,
2582, 강호철,,,
2583, 릴리 제임스,,,
2584, 강수진,,,
2585, 치바 유다이,,,
2586, 조셉 고든 레빗,,,
2587, 미즈키 나나,,,
2588, 이연걸,,,
2589, 지나 로드리게즈,,,
2590, 미란다 하트,,,
2591, 아이비 조지,,,
2592, 타일러 포시,,,
2593, 앤디 서키스,,,
2594, 스티븐 랭,,,
2595, 제인 카,,,
2596, 아리엘 윈터,,,
2597, 키리야마 렌,,,
2598, 은정,,,
2599, 엘로디 퐁탕,,,
2600, 이승준,,,
2601, 다이앤 크루거,,,
2602, 애셔 앤젤,,,
2603, 오프라 윈프리,,,
2604, 파벨 데레비앙코,,,
2605, 페니 밸포어,,,
2606, 김영은,,,
2607, 야마지 카즈히로,,,
2608, 윌 펠츠,,,
2609, 제시 아이젠버그,,,
2610, 틸 슈바이거,,,
2611, 유준상,,,
2612, 보라,,,
2613, 루디 린,,,
2614, 나카가와 타이시,,,
2615, 클로이 모레츠,,,
2616, 조병만,,,
2617, 이시카와 유이,,,
2618, 시영준,,,
2619, 세스 로건,,,
2620, 니콜라 펠츠,,,
2621, 티모시 샬라메,,,
2622, 임태풍,,,
2623, 나카이 카즈야,,,
2624, 존 올리버,,,
2625, 김민진,,,
2626, 이진욱,,,
2627, 허먼 빙,,,
2628, 지혜,,,
2629, 최문자,,,
2630, 브리아 비나이트,,,
2631, 제프리 딘 모건,,,
2632, 진비우,,,
2633, 카밀 코탄,,,
2634, 후쿠시 소우타,,,
2635, 제이슨 베이트먼,,,
2636, 마리아 칼라스,,,
2637, 토비 켑벨,,,
2638, 엘렌 페이지,,,
2639, 캐시디 지포드,,,
2640, 매튜 폭스,,,
2641, 윤아,,,
2642, 제시카 차스테인,,,
2643, 조연우,,,
2644, 쉐릴린 펜,,,
2645, 바네사 파라디,,,
2646, 가렛 헤드룬드,,,
2647, 조경이,,,
2648, 마틴 헨더슨,,,
2649, 샬롯 르 본,,,
2650, 산나 라단,,,
2651, 애비 코니쉬,,,
2652, 이재용,,,
2653, 레니 크라비츠,,,
2654, 요시네 쿄코,,,
2655, 조디 몰라,,,
2656, 앨리슨 제니,,,
2657, 벤 반스,,,
2658, 스털링 K. 브라운,,,
2659, 라이스 웨이크필드,,,
2660, 난디타 다스,,,
2661, 스티브 카렐,,,
2662, 손나은,,,
2663, 마이구마 카츠야,,,
2664, 사이토 치와,,,
2665, 이영은,,,
2666, 에밀리 브라우닝,,,
2667, 케빈 클라인,,,
2668, 김혁,,,
2669, 강명자,,,
2670, 조던 로슨,,,
2671, 황승언,,,
2672, 캐서린 살레,,,
2673, 임지연,,,
2674, 카키하라 테츠야,,,
2675, 마리아노 마르티네즈,,,
2676, 오오하시 아야카,,,
2677, 임화영,,,
2678, 최한,,,
2679, 송운화,,,
2680, 브루노 비치어,,,
2681, 키아누 리브스,,,
2682, 아티피치 추티와칸존차이,,,
2683, 하성용,,,
2684, 윤유선,,,
2685, 사라 실버맨,,,
2686, 바비 카나베일,,,
2687, 마크 라이런스,,,
2688, 톰 하디,,,
2689, 딕 반 다이크,,,
2690, 드웨인 존슨,,,
2691, 애덤 G. 세바니,,,
2692, 유민,,,
2693, 에이미 아담스,,,
2694, 타네자키 아츠미,,,
2695, 찬성,,,
2696, 김영재,,,
2697, 헤르만 사바도,,,
2698, 최진호,,,
2699, 도로시 앳킨슨,,,
2700, 김규리,,,
2701, 치아키,,,
2702, 윤아영,,,
2703, 패튼 오스왈트,,,
2704, 김태리,,,
2705, 슈퍼주니어-m,,,
2706, 나애진,,,
2707, 제이본 워너 월튼,,,
2708, 이레,,,
2709, 핀 위트록,,,
2710, 아드리아노 타르디올로,,,
2711, 비니 펜나,,,
2712, 에밀리아 클라크,,,
2713, 소지섭,,,
2714, 전미선,,,
2715, 이현,,,
2716, 안나 파킨,,,
2717, 벤 슈와츠,,,
2718, 신하균,,,
2719, 아스미 카나,,,
2720, 줄리안 맥마혼,,,
2721, 하정우,,,
2722, 류현경,,,
2723, 줄리 델피,,,
2724, 살바토레 카스치오,,,
2725, 베레니스 베조,,,
2726, 박효주,,,
2727, 샤뮤스 데이비 핏츠패트릭,,,
2728, 장석준,,,
2729, 스테파냐 카시니,,,
2730, 에바 멘데스,,,
2731, 레아 세이두,,,
2732, 제니퍼 러브 휴잇,,,
2733, 이원종,,,
2734, 이선,,,
2735, 류아벨,,,
2736, 박사랑,,,
2737, 저스틴 팀버레이크,,,
2738, 하마다 코코네,,,
2739, 피터 세라피노윅,,,
2740, 다케노우치 유타카,,,
2741, 크리스토퍼 파파칼리아티스,,,
2742, 윤용식,,,
2743, 김춘희,,,
2744, 타카나시 켄고,,,
2745, 윤박,,,
2746, 제시 멧칼피,,,
2747, 양조위,,,
2748, T.O.P,,,
2749, 피터 딘클리지,,,
2750, 동방신기,,,
2751, 로사리오 도슨,,,
2752, 동자건,,,
2753, 로버트 네이러,,,
2754, 톰 펠튼,,,
2755, 알렉산드라 로치,,,
2756, 게리 스트레치,,,
2757, 브리아나 에비건,,,
2758, 콜 스프로즈,,,
2759, 모니아 초크리,,,
2760, 에이미 세다리스,,,
2761, 엘라 퍼넬,,,
2762, 트레버 드볼,,,
2763, 레이븐 애덤슨,,,
2764, 오은수,,,
2765, 조엘 킨나만,,,
2766, 제인 린치,,,
2767, 스테파니 보그트,,,
2768, 프랑수아 제르비에 드메종,,,
2769, 카라 헤이워드,,,
2770, 이솜,,,
2771, 레인 윌슨,,,
2772, 변희봉,,,
2773, 폴 매카트니,,,
2774, 이동휘,,,
2775, 코비 스멀더스,,,
2776, 멜라니 로랑,,,
2777, 조한철,,,
2778, 야마다 유키,,,
2779, 헤더 고든,,,
2780, 오가타 메구미,,,
2781, 르네 젤위거,,,
2782, 이우라 아라타,,,
2783, 고지마 후지코,,,
2784, 마츠모토 준,,,
2785, 곽지혜,,,
2786, 오견,,,
2787, 가보리 시디베,,,
2788, 데이브 바티스타,,,
2789, 플라비오 파렌티,,,
2790, 미란다 오토,,,
2791, 라이언 슈즈,,,
2792, 우에토 아야,,,
2793, 딜런 오브라이언,,,
2794, 신송이,,,
2795, 라프 스팰,,,
2796, 맷 보머,,,
2797, 심희섭,,,
2798, 엘예스 가벨,,,
2799, 데이비드 보트,,,
2800, 이미숙,,,
2801, 레이크 벨,,,
2802, 노판 찬타라손,,,
2803, 톰 테일러,,,
2804, 김승우,,,
2805, 김원명,,,
2806, 와타나베 마리나,,,
2807, 제이알,,,
2808, 문유정,,,
2809, 제니 슬레이트,,,
2810, 아야세 하루카,,,
2811, 도미닉 레인스,,,
2812, 애나벨 월리스,,,
2813, 이미자,,,
2814, 우상전,,,
2815, 김수현,,,
2816, 루크 그림즈,,,
2817, 주카 닐런드,,,
2818, 진영,,,
2819, 매디슨 린츠,,,
2820, 유가령,,,
2821, 이수경,,,
2822, 홍범기,,,
2823, 돌리 웰스,,,
2824, 고아라,,,
2825, 신주환,,,
2826, 김태훈,,,
2827, 올리비에 구르메,,,
2828, 장현성,,,
2829, 젠데이아 콜먼,,,
2830, 조쉬 허처슨,,,
2831, 조태환,,,
2832, 강시현,,,
2833, 엠마 톰슨,,,
2834, 정재우,,,
2835, 알랭 샤바,,,
2836, 오마 사이,,,
2837, 아뉴린 바나드,,,
2838, 타테이시 하루카,,,
2839, 에도아도 가브리엘리니,,,
2840, 손정아,,,
2841, 난바 쇼헤이,,,
2842, 맥켄지 포이,,,
2843, 미아 와시코브스카,,,
2844, 짐 브로드벤트,,,
2845, 존 갤러거 주니어,,,
2846, 니콜 키드먼,,,
2847, 샤를로뜨 갱스부르,,,
2848, 장경희,,,
2849, 이종석,,,
2850, 최승훈,,,
2851, 송보은,,,
2852, 존 C. 라일리,,,
2853, 조나단 실버맨,,,
2854, 제임스 벨루시,,,
2855, 김채하,,,
2856, 에릭 바나,,,
2857, 플로렌스 퓨,,,
2858, 브루클린 프린스,,,
2859, 이호재,,,
2860, 홍진욱,,,
2861, 피터 퍼스,,,
2862, 데미 로바토,,,
2863, 조성우,,,
2864, 다니엘 제롤,,,
2865, 임형국,,,
2866, 엘리 켐퍼,,,
2867, 켈리 라일리,,,
2868, 김연우,,,
2869, 누리아 트리폴,,,
2870, 헤더 소서맨,,,
2871, 시모네 라비브,,,
2872, 하연수,,,
2873, 앨리스 이브,,,
2874, 랜스 임,,,
2875, 소피아 부텔라,,,
2876, 한수아,,,
2877, 리브 타일러,,,
2878, 안나소피아 롭,,,
2879, 클락 그레그,,,
2880, 마루야마 아츠시,,,
2881, 콘스탄스 우,,,
2882, 조 크라비츠,,,
2883, 루카스 헤지스,,,
2884, 아이작 레이바,,,
2885, 메이건 파크,,,
2886, 김다미,,,
2887,류승범,,,
2888, 박리나,,,
2889, 셀리아 아임리,,,
2890, 신지뢰,,,
2891, 여진구,,,
2892, 에이미 사빌레,,,
2893, 진,,,
2894, 데이빗 오예로워,,,
2895, 매디슨 아이스먼,,,
2896, 류승범,,,
2897, 윤미나,,,
2898, 티에리 프레몽,,,
2899, 피오나 고든,,,
2900, 조안,,,
2901, 라이언 고슬링,,,
2902, 존 말코비치,,,
2903, 테오 제임스,,,
2904, 알렉산드라 다드다리오,,,
2905, 이시다 타쿠야,,,
2906, 유리 로웬탈,,,
2907, 전후석,,,
2908, 지미애,,,
2909, 레드벨벳,,,
2910, 케빈 스페이시,,,
2911, 마이클 K. 윌리엄즈,,,
2912, 스기야마 노리아키,,,
2913, 블라디미르 티기쵸브,,,
2914, 랍 코드리,,,
2915, 이노우에 마사히로,,,
2916, 맥케나 그레이스,,,
2917, 전수경,,,
2918, EXO,,,
2919, 토마스 제인,,,
2920, 레이 피셔,,,
2921, 에드리언 보쳇,,,
2922, 미야자키 아오이,,,
2923, 조지스 게레,,,
2924, 바바 료마,,,
2925, 최강희,,,
2926, 송유담,,,
2927, 사토 사토미,,,
2928, 이오인 맥큰,,,
2929, 아담 드바인,,,
2930, 캐시디 프리먼,,,
2931, 안도 사쿠라,,,
2932, 랜디 커투어,,,
2933, 타이라 아이리,,,
2934, 테이텀 오닐,,,
2935, 김옥경,,,
2936, 스티븐 연,,,
2937, 미야노 마모루,,,
2938, 송강호,,,
2939, 허준호,,,
2940, 타라지 P. 헨슨,,,
2941, 진백림,,,
2942, 토니 콜렛,,,
2943, 한경화,,,
2944, 유즈키 료카,,,
2945, 김남길,,,
2946, 파드마 앙뚜,,,
2947, 피터 파시넬리,,,
2948, 이민기,,,
2949, 장 위그 앙글라드,,,
2950, 루시 헤일,,,
2951, 고원희,,,
2952, 존 레논,,,
2953, 정재호,,,
2954, 존 보이트,,,
2955, 타라 스트롱,,,
2956, 차성덕,,,
2957, 존 캐럴 린치,,,
2958, 유인영,,,
2959, 마이클 오우수,,,
2960, 제임스 헷필드,,,
2961, 릴리 라인하트,,,
2962, 알렉세이 프란데티,,,
2963, 머라이어 캐리,,,
2964, 존 라이스 데이비스,,,
2965, 안셀 엘고트,,,
2966, 양익준,,,
2967, 김혜자,,,
2968, 엘리자베스 데비키,,,
2969, 줄리 보웬,,,
2970, 가브리엘 루나,,,
2971, 레이몬드 오초아,,,
2972, 앨리 리버트,,,
2973, 로빈 윌리엄스,,,
2974, 비비안 마이어,,,
2975, 조니 웨스턴,,,
2976, 에릭 스톤스트릿,,,
2977, 오오츠카 아키오,,,
2978, 곽규미,,,
2979, 손종환,,,
2980, 크리스토퍼 리,,,
2981, 로스 마퀀드,,,
2982, 알렉산드르 렌코브,,,
2983, 프란시스 오코너,,,
2984, 캐리 피셔,,,
2985, 브라이언 콕스,,,
2986, 오은주,,,
2987, 알렉스 로,,,
2988, 스기사키 하나,,,
2989, 이현학,,,
2990, 팜 페리스,,,
2991, 김휘,,,
2992, 히로세 스즈,,,
2993, 전소니,,,
2994, J. B. 스무브,,,
2995, 한인숙,,,
2996, 김민재,,,
2997, 헤이든 롤렌스,,,
2998, 표영재,,,
2999, 아담 드라이버,,,
3000, 에린 피츠제럴드,,,
3001, 이지원,,,
3002, 이태임,,,
3003, 제시카 알바,,,
3004, 로빈 라이트,,,
3005, 발레리 파흐너,,,
3006, 잭 휴스턴,,,
3007, 소녀시대,,,
3008, 윌.아이.엠,,,
3009, 해리 스타일스,,,
3010, 알리슨 브리,,,
3011, 아비게일 브레스린,,,
3012, 산드라 엘리스 라퍼티,,,
3013, 나오미 왓츠,,,
3014, 마르코 레오나르디,,,
3015, 이토 시즈카,,,
3016, 시손 쥰,,,
3017, 브라이언 크랜스톤,,,
3018, 소피아 베르가라,,,
3019, 빌 팩스톤,,,
3020, 한채언,,,
3021, 친란,,,
3022, 오오이즈미 요,,,
3023, 매디슨 울프,,,
3024, 케리 워싱턴,,,
3025, 미키 데자키,,,
3026, 루퍼트 에반스,,,
3027, 테라지마 시노부,,,
3028, 마이크 타이슨,,,
3029, 치바 스스무,,,
3030, 반 시게루,,,
3031, 타케우치 료마,,,
3032, 헬렌 벤상,,,
3033, 크리스토퍼 민츠 프래지,,,
3034, 박고운,,,
3035, 준호,,,
3036, 로렌 코핸,,,
3037, 유우키 아오이,,,
3038, 주상욱,,,
3039, 이재인,,,
3040, 셀레나 고메즈,,,
3041, 신은수,,,
3042, 타티아나 마슬라니,,,
3043, 이민우,,,
3044, 나탈리아 루다코바,,,
3045, 존 트라볼타,,,
3046, 래닉 가우트리,,,
3047, 스즈키 료헤이,,,
3048, 레베카 홀,,,
3049, 김하나,,,
3050, 제이마 메이스,,,
3051, 성유리,,,
3052, K.J. 아파,,,
3053, 안나 페리스,,,
3054, 대니 맥브라이드,,,
3055, 이토 아야사,,,
3056, 한예리,,,
3057, 프란카 포텐테,,,
3058, 한고은,,,
3059, 로버트 레드포드,,,
3060, 정미숙,,,
3061, 유선,,,
3062, 나카지마 켄토,,,
3063, 앨리슨 윌리암스,,,
3064, 조셉 마젤로,,,
3065, 와타나베 슈,,,
3066, 홍 차우,,,
3067, 박신혜,,,
3068, 여민정,,,
3069, 마리안느 세이지브레트,,,
3070, 파비앙 에로,,,
3071, 임수정,,,
3072, 추티몬 추엥차로엔수키잉,,,
3073, 심혜진,,,
3074, 허준석,,,
3075, 사라 가돈,,,
3076, 헤일리 오랜티아,,,
3077, 숀 빈,,,
3078, 미와,,,
3079, 체마 델 바르코,,,
3080, 하운위,,,
3081, 오경,,,
3082, 해리 로이드,,,
3083, 아나 디 아르마스,,,
3084, 박건우,,,
3085, 릭 스프링필드,,,
3086, 조승연,,,
3087, 박태산,,,
3088, 이선균,,,
3089, 이자벨라 미코,,,
3090, 이선주,,,
3091, 토다 케이코,,,
3092, 톰 베이트먼,,,
3093, 나미카와 다이스케,,,
3094, 김새해,,,
3095, 브라이언 타이리 헨리,,,
3096, 미키 루니,,,
3097, 니브 캠벨,,,
3098, 휴 스키너,,,
3099, 박요한,,,
3100, 제이미 벨,,,
3101, 안드레아 오스바트,,,
3102, 엄상현,,,
3103, 이선호,,,
3104, 브래들리 제임스,,,
3105, 최정원,,,
