,director,필모그래피 개수,천만관객 뱃지 유무,수상 개수
0, 딘 데블로이스,5,None,2.0
1, 페르난도 메이렐레스,17,None,5.0
2, 패트리시아 리건,5,None,0.0
3, 장안치,None,None,0.0
4, 스테파노 솔리마,6,None,0.0
5, 라즐로 네메스,2,None,4.0
6, 이경미,None,None,2.0
7, 디파 메타,13,None,13.0
8, 루 추안,10,None,6.0
9, 벤 차오,None,None,0.0
10, 일리야 나이슐러,,,
11, 리테쉬 바트라,,,
12, 타케모토 노보루,,,
13, 프라순 샤터지,,,
14, 라나 워쇼스키,,,
15, 임대웅,,,
16, 정윤철,,,
17, 윤제균,,,
18, 배성상,,,
19, 애덤 윈가드,,,
20, 맥지,,,
21, 오치아이 켄,,,
22, 존 어윈,,,
23, 조용선,,,
24, 권칠인,,,
25, 지안밍 후앙,,,
26, 피터 시걸,,,
27, 안나 포드칼스카,,,
28, 와타다 신야,,,
29, 구모,,,
30, 코지마 마사유키,,,
31, 롭 마샬,,,
32, 김유성,,,
33, 진,,,
34, 이종석,,,
35, 나카자와 쇼지로,,,
36, 피터 뮬란,,,
37, 알레산드로 칼로니,,,
38, 미나,,,
39, 존 추,,,
40, 마이클 도즈,,,
41, 주드 아패토우,,,
42, 은정,,,
43, 존 크래신스키,,,
44, 조 존스톤,,,
45, 캐스린 비글로우,,,
46, 크리스토퍼 젠킨스,,,
47, 김대웅,,,
48, 다니엘 래드클리프,,,
49, 커트 보엘커,,,
50, 로버트 페르난데스,,,
51, 핀 테일러,,,
52, 이원태,,,
53, 이한욱,,,
54, 우문기,,,
55, 배두나,,,
56, 카메론 디아즈,,,
57, 미카엘 하프스트롬,,,
58, 알렉스 프로야스,,,
59, 하야토 다테,,,
60, 황연,,,
61, 테미 데이비스,,,
62, 신연식,,,
63, 이성태,,,
64, 카와나미 에이사쿠,,,
65, 브렉 에이즈너,,,
66, 크리스찬 거드게스트,,,
67, 이시다 히로야스,,,
68, 세스 라니,,,
69, 사이먼 커티스,,,
70, 동대가,,,
71, 박희곤,,,
72, 한석규,,,
73, 안느 퐁텐,,,
74, 막심 볼코브,,,
75, 타치카와 유즈루,,,
76, 안소니 마라스,,,
77, 댄 세인트 피에르,,,
78, 김지훈,,,
79, 마이클 스피어리그,,,
80, 나가이 타츠유키,,,
81, 셰인 블랙,,,
82, 김태윤,,,
83, 브라이언 A 밀러,,,
84, 추창민,,,
85, 이수연,,,
86, 김성호,,,
87, 알렉세이 트시칠린,,,
88, 토머스 보덴스테인,,,
89, 필립 세이모어 호프만,,,
90, 김아론,,,
91, 올리버 달리,,,
92, 심은경,,,
93, 후안 안토니오 바요나,,,
94, 최진성,,,
95, 제임스 보빈,,,
96, 제프 와드로,,,
97, 데니스 체르노프,,,
98, 마츠오카 조지,,,
99, 노영석,,,
100, 피터 클라릿지,,,
101, 그렉 아라키,,,
102, 존 매든,,,
103, 오뢰,,,
104, 대런 아로노프스키,,,
105, 앤소니 파워,,,
106, 린 램지,,,
107, 김태식,,,
108, 프라파스 콜사라논,,,
109, 안나 포에스터,,,
110, 마크 메르텐스,,,
111, 요아킴 뢰닝,,,
112, 로드니 로스맨,,,
113, 모건 매튜스,,,
114, 이도 엔젤,,,
115, 타다 슌스케,,,
116, 아리 포신,,,
117, 장춘,,,
118, 필립 드 쇼브홍,,,
119, 김진무,,,
120, 에릭 토스티,,,
121, 스리람 라그하반,,,
122, 타케우치 히데키,,,
123, 리차드 커티스,,,
124, 최상훈,,,
125, 콤핀 켐군니르드,,,
126, 오모리 타츠시,,,
127, 김학순,,,
128, 크리스토퍼 놀란,,,
129, 쉬커,,,
130, 강윤성,,,
131, 제임스 드모나코,,,
132, 오자와 료타,,,
133, 아사쿠라 아키,,,
134, 송민규,,,
135, 박시후,,,
136, 정지훈,,,
137, 이윤기,,,
138, 미야자키 하야오,,,
139, 스티븐 스필버그,,,
140, 토마스 빈터베르그,,,
141, 권종관,,,
142, 제이슨 자다,,,
143, 크리스토퍼 맥쿼리,,,
144, 박규택,,,
145, 다코타 패닝,,,
146, 피터 듀크스,,,
147, 고로 사쿠라,,,
148, 헤일리 베넷,,,
149, 크리스티안 디터,,,
150, 제이크 T. 오스틴,,,
151, 론 쉐르픽,,,
152, 플로리안 데이비드 핏츠,,,
153, 던칸 존스,,,
154, 장형윤,,,
155, 레오 로,,,
156, 저스틴 채드윅,,,
157, 김선,,,
158, 이와이 슌지,,,
159, 마츠다 류헤이,,,
160, 로렌 스카파리아,,,
161, 다리오 아르젠토,,,
162, 마틴 스콜세지,,,
163, 유영선,,,
164, 장건재,,,
165, 라자 고스넬,,,
166, 김상경,,,
167, 고어 버빈스키,,,
168, 찰리 시스켈,,,
169, 나가오카 치카,,,
170, 댄 크레치,,,
171, 라스 폰 트리에,,,
172, 앤디 서키스,,,
173, 릴리 콜린스,,,
174, 트래비스 나이트,,,
175, 이상근,,,
176, 안소니 스타치,,,
177, 제니퍼 로렌스,,,
178, 장철수,,,
179, 조성희,,,
180, 저스틴 린,,,
181, 장동건,,,
182, 제임스 플린,,,
183, 나카에 이사무,,,
184, 코바야시 츠네오,,,
185, 카를로스 구티에레스 메드라노,,,
186, 임상수,,,
187, 피터 스피어리그,,,
188, 존 힐코트,,,
189, 크리스토퍼 스펜서,,,
190, 루카스 퀴아오,,,
191, 이성재,,,
192, 카말 반살,,,
193, 이반 로웬버그,,,
194, 방수인,,,
195, 사울 딥,,,
196, 김남길,,,
197, 마틴 코틱,,,
198, 장-프랑소아 풀리오,,,
199, 사사키 노조미,,,
200, 양정화,,,
201, 한동욱,,,
202, 알렉산더 크람스토프,,,
203, 리 다니엘스,,,
204, 김태진,,,
205, 드웨인 존슨,,,
206, 일라이 로스,,,
207, 민병훈,,,
208, 신한솔,,,
209, 조나 힐,,,
210, 에드슨 다 콘세이카오,,,
211, 박준수,,,
212, 나카이즈미 유야,,,
213, 휴 잭맨,,,
214, 정재영,,,
215, 디오고 모르가도,,,
216, 폴 티비트,,,
217, 크리스 윌리엄스,,,
218, 사카키바라 모토노리,,,
219, 상광희,,,
220, 박제현,,,
221, 한스 페터 몰란트,,,
222, 케네스 브래너,,,
223, 정미화,,,
224, 케네스 로너건,,,
225, 백승화,,,
226, 이상철,,,
227, 존 터투로,,,
228, 맥조휘,,,
229, 레자 메마리,,,
230, 머빈 르로이,,,
231, 원신연,,,
232, 오카다 마리,,,
233, 김대창,,,
234, 안톤 후쿠아,,,
235, 루크 에반스,,,
236, 정혁기,,,
237, 데이빗 예이츠,,,
238, 맷 브라운,,,
239, 엽위신,,,
240, 이정호,,,
241, 김영탁,,,
242, 전고운,,,
243, 에릭 바나,,,
244, 김주환,,,
245, 스리데비,,,
246, 조진웅,,,
247, 그레이엄 애나블,,,
248, 스캇 워프,,,
249, 피에르 니네이,,,
250, 호르헤 도라도,,,
251, 황동혁,,,
252, 데이비드 스토튼,,,
253, 스탠리 투치,,,
254, 제임스 코든,,,
255, 김지운,,,
256, 갈리나 미클리노바,,,
257, 장재현,,,
258, 헤 질리,,,
259, 류승완,,,
260, 다현,,,
261, 댄 길로이,,,
262, 김지영,,,
263, 유부원,,,
264, 김성연,,,
265, 조쉬 분,,,
266, 이와사키 토모코,,,
267, 로버트 벤튼,,,
268, 크리스찬 세스마,,,
269, 시모사와 신타로,,,
270, 사샤 고든,,,
271, 줄리안 슈나벨,,,
272, 야노 유이치로,,,
273, 팀 스토리,,,
274, 기욤 니클루,,,
275, 김재환,,,
276, 쿠마자와 나오토,,,
277, 조나단 베이커,,,
278, 바란 보 오다르,,,
279, 이권,,,
280, 김우빈,,,
281, 압델라티프 케시시,,,
282, 크리스토퍼 랜던,,,
283, 이철하,,,
284, 에단 코엔,,,
285, 매튜 본,,,
286, 노암 머로,,,
287, 진도명,,,
288, 로랑 캉테,,,
289, 마이크 컨켈,,,
290, 신보 아키유키,,,
291, 올리비에 메가턴,,,
292, 조영광,,,
293, 김덕수,,,
294, 막심 파디브,,,
295, 안톤 코르빈,,,
296, 이서,,,
297, 여인영,,,
298, 안드레 외브레달,,,
299, 바이론 하워드,,,
300, 에드가 라이트,,,
301, 조근식,,,
302, 황인준,,,
303, RM,,,
304, 테렌스 맬릭,,,
305, 니콜라스 콜라,,,
306, 짐 브로드벤트,,,
307, 장진,,,
308, 이토 토모히코,,,
309, 로버트 로드리게즈,,,
310, 박훈정,,,
311, 오인천,,,
312, 존 무어,,,
313, 크리스 벅,,,
314, 믹 잭슨,,,
315, 뷔,,,
316, 마이클 베이,,,
317, 오멸,,,
318, 안상훈,,,
319, 로버트 스톨텐베르그,,,
320, 송강호,,,
321, 위고 젤랭,,,
322, 사릭 안드레아시안,,,
323, 장하오,,,
324, 조쉬 할로웨이,,,
325, 야로우 체니,,,
326, 전성우,,,
327, 이경호,,,
328, 가브리엘 무치노,,,
329, 샤론 맥과이어,,,
330, 게리 도버먼,,,
331, 히시다 마사카즈,,,
332, 에스벤 토프트 야콥슨,,,
333, 벤 웨틀리,,,
334, 로저 컴블,,,
335, 소연,,,
336, 리스 오스볼,,,
337, 데이비드 에이어,,,
338, 노아 바움백,,,
339, 이해준,,,
340, 국도원,,,
341, 무문광,,,
342, 니키 팰런,,,
343, 이안규,,,
344, 미키 데자키,,,
345, 제이 바루첼,,,
346, 피에르 꼬팽,,,
347, 김광태,,,
348, 데이비드 가렛,,,
349, 빌리 레이,,,
350, 크리스토프 갬플,,,
351, 임효겸,,,
352, 하정우,,,
353,류승완,,,
354, 강성훈,,,
355, 에스더 비알라스,,,
356, 크리스토퍼 파파칼리아티스,,,
357, 아미노 테츠로,,,
358, 로망 뒤리스,,,
359, 박일호,,,
360, 김진철,,,
361, 윤준상,,,
362, 스콧 프랭크,,,
363, 루카 구아다니노,,,
364, 한상호,,,
365, 질스 파겟-브레너,,,
366, 나가이 아키라,,,
367, 조던 필,,,
368, 카르스텐 킬레리치,,,
369, 이상호,,,
370, 댄 트라첸버그,,,
371, 라울 가르시아,,,
372, 이민기,,,
373, 얀 라벡,,,
374, 나가미네 타츠야,,,
375, 마틴 맥도나,,,
376, 토마스 자보,,,
377, 이사랑,,,
378, 톰 크루즈,,,
379, 알렉산더 샤프,,,
380, 양경모,,,
381, 김용화,,,
382, 사이먼 킨버그,,,
383, 올리비에르 나카체,,,
384, 마이클 패터슨,,,
385, 안드레스 G. 슈에,,,
386, 레니 할린,,,
387, 존 파브로,,,
388, 앤드류 코헨,,,
389, 피터 손,,,
390, 수잔 비에르,,,
391, 로버트 렌스,,,
392, 스콧 쿠퍼,,,
393, 켈리 애스버리,,,
394, 곽범,,,
395, 시라이시 코지,,,
396, 저스틴 덱,,,
397, 제이슨 라이트맨,,,
398, 데이비드 O. 러셀,,,
399, 야마다 요지,,,
400, 크리스 리노드,,,
401, 헬렌 헌트,,,
402, 노나 그리스하에바,,,
403, 백승우,,,
404, 제프리 러쉬,,,
405, 스티븐 크보스키,,,
406, 전석호,,,
407, 최성현,,,
408, 임아론,,,
409, 마이크 데블린,,,
410, 다리나 슈미트,,,
411, 조지 클루니,,,
412, 세딕 니콜라스 트로얀,,,
413, 선호빈,,,
414, 김대승,,,
415, 가이 리치,,,
416, 엘리자베스 뱅크스,,,
417, 션 베이커,,,
418, T.O.P,,,
419, 에베라도 발레리오 구트,,,
420, 우치다 마아야,,,
421, 그렉 키니어,,,
422, 이창동,,,
423, 이선,,,
424, 데이빗 크렌츠,,,
425, 김종현,,,
426, 이연우,,,
427, 제니퍼 리,,,
428, 김재희,,,
429, 닐 버거,,,
430, 엘르 패닝,,,
431, 박보영,,,
432, 다미안 존 하퍼,,,
433, 크리스 로핑,,,
434, 잭 스나이더,,,
435, 박홍수,,,
436, 미야모토 히로아키,,,
437, 리처드 캔터,,,
438, 마테오 부와슬리에,,,
439, 리들리 스콧,,,
440, 트래비스 클러프,,,
441, 신재호,,,
442, 제임스 폴리,,,
443, 김휘,,,
444, 카세 료,,,
445, 리처드 링클레이터,,,
446, 벤 스틸러,,,
447, 츠마부키 사토시,,,
448, 스콧 힉스,,,
449, 노에미 르보브스키,,,
450, 휴 허드슨,,,
451, 댄 포겔맨,,,
452, 김태용,,,
453, 프란시스 닐슨,,,
454, 김병우,,,
455, 빈센트 케스텔루트,,,
456, 세르게이 보드로프,,,
457, 질 를르슈,,,
458, 강효진,,,
459, 수잔나 포겔,,,
460, 박영균,,,
461, 키이라 나이틀리,,,
462, 윤준형,,,
463, 뤽 다르덴,,,
464, 콜린 퍼스,,,
465, 알렉상드르 헤보얀,,,
466, 올리비에 아사야스,,,
467, 닐스 타베니어,,,
468, 신현원,,,
469, 야쿠와 신노스케,,,
470, 조엘 코엔,,,
471, 최동훈,,,
472, 정주리,,,
473, 벤자민 레너,,,
474, 스콧 모지어,,,
475, 마이클 쿠에스타,,,
476, 마대윤,,,
477, 퍼시 애들론,,,
478, 네드 벤슨,,,
479, 전윤수,,,
480, 로저 도널드슨,,,
481, 알베르토 로드리게즈,,,
482, 존 레쿼,,,
483, 타이 버렐,,,
484, 한재림,,,
485, 나초 라 까사,,,
486, 강지은,,,
487, 로렌스 라노프,,,
488, 신아가,,,
489, 조쉬 베이커,,,
490, 최승호,,,
491, 노먼 퍼거슨,,,
492, 크리스찬 두가이,,,
493, 천우희,,,
494, 조석현,,,
495, 존 폴슨,,,
496, 롭 엡스타인,,,
497, 백승빈,,,
498, 라이언 존슨,,,
499, 김진수,,,
500, 매튜 맥커너히,,,
501, 매즈 미켈슨,,,
502, 맥스 조셉,,,
503, 송해성,,,
504, 레오 카락스,,,
505, 이원석,,,
506, 정병길,,,
507, 안병기,,,
508, 노엘 클리어리,,,
509, 아델 에그자르코풀로스,,,
510, 줄리아 하트,,,
511, 귀욤 고익스,,,
512, 김윤석,,,
513, 추상미,,,
514, 가와세 나오미,,,
515, 한승우,,,
516, 장재혁,,,
517, 윌 아넷,,,
518, 이나 예블라니코바,,,
519, 이현주,,,
520, 니콜라이 퓰시,,,
521, 츠키카와 쇼,,,
522, 윤가은,,,
523, 테라모토 유키요,,,
524, 오오스기 요시히로,,,
525, 장유정,,,
526, 데이미언 셔젤,,,
527, 브래들리 쿠퍼,,,
528, 우묘,,,
529, 론 하워드,,,
530, 제임스 맨골드,,,
531, 치웨텔 에지오포,,,
532, 기예르모 델 토로,,,
533, 로빈 윌리엄스,,,
534, 브라이언 피,,,
535, 딩 스,,,
536, 신카이 마코토,,,
537, 자코 반 도마엘,,,
538, 필 존스턴,,,
539, 랄프 파인즈,,,
540, 장준환,,,
541, 라이언 플렉,,,
542, 안드레이 갈랏,,,
543, 레지스 로인사드,,,
544, 돈 E. 폰트르로이,,,
545, 브렛 설리반,,,
546, 이지원,,,
547, 데이빗 맥킨지,,,
548, 홍석재,,,
549, 캐서린 비글로우,,,
550, 나가사키 켄지,,,
551, 다카하시 와타루,,,
552, 메간 폭스,,,
553, 매니 에르난데스,,,
554, 리건,,,
555, 나현,,,
556, 피터 레페니오티스,,,
557, 밥 퍼시케티,,,
558, 딜런 오브라이언,,,
559, 이창재,,,
560, 노동석,,,
561, 레반 가브리아제,,,
562, 밥 두셋,,,
563, 레니 에이브러햄슨,,,
564, 레베카 밀러,,,
565, 나오미 포너,,,
566, 벤 르윈,,,
567, 라스무스 A. 실버르센,,,
568, 안노 히데아키,,,
569, 릭 로먼 워,,,
570, 나루시마 이즈루,,,
571, 오즈 야스지로,,,
572, 마츠모토 리카,,,
573, 하시모토 마사카즈,,,
574, 이재규,,,
575, 장창원,,,
576, 더그 스윗랜드,,,
577, 권오중,,,
578, 토머스 얀,,,
579, 전일우,,,
580, 안젤리나 졸리,,,
581, 실베스터 스탤론,,,
582, 제임스 건,,,
583, 스티븐 더햄,,,
584, 맥스 바톨리,,,
585, 자코 아키후미,,,
586, 김상철,,,
587, 안용훈,,,
588, 젠 웩슬러,,,
589, 박호찬,,,
590, 멜 깁슨,,,
591, 리처드 클라우스,,,
592, 휴 웰치맨,,,
593, 토마스 아스트뤽,,,
594, 에릭 토레다노,,,
595, 루이스 리터리어,,,
596, 나홍진,,,
597, 야마구치 켄타로,,,
598, 전진,,,
599, 패트릭 휴즈,,,
600, 사무엘 암스트롱,,,
601, 헬레네 지라드,,,
602, 라지쿠마르 히라니,,,
603, 윤종빈,,,
604, 레미 베잔송,,,
605, 닛타 노리오,,,
606, 김경희,,,
607, 스테판 오비에,,,
608, 김양래,,,
609, 피터 버그,,,
610, 안톤 크링스,,,
611, 마이크 미첼,,,
612, 워시 웨스트모어랜드,,,
613, 베르나르도 베르톨루치,,,
614, 이제인,,,
615, 크리스 프랫,,,
616, 폴 토마스 앤더슨,,,
617, 올 파커,,,
618, 조철현,,,
619, 존 카프카,,,
620, 도로타 코비엘라,,,
621, 토머스 카터,,,
622, 권혁만,,,
623, 류승룡,,,
624, 페테르 바스코,,,
625, 이주영,,,
626, 이재진,,,
627, 그렉 티어난,,,
628, 천성일,,,
629, 빌 어거스트,,,
630, 박재식,,,
631, 닉 파크,,,
632, 이기니오 스트라피,,,
633, 민규동,,,
634, 박정범,,,
635, 마크 로즈만,,,
636, 허인무,,,
637, 트리시 시에,,,
638, 에드 게스-도넬리,,,
639, 김태균,,,
640, 장항준,,,
641, 이도윤,,,
642, 이정재,,,
643, 장유근,,,
644, 배종,,,
645, 오리올 파울로,,,
646, 루카 드 마타,,,
647, 김봉은,,,
648, 인피니트,,,
649, 조규장,,,
650, 고동우,,,
651, 미즈시마 츠토무,,,
652, 가우리 신드,,,
653, 아사토 마리,,,
654, 린 사우더랜드,,,
655, 호거 태프,,,
656, 시미즈 준지,,,
657, 이두환,,,
658, 샤니 빈슨,,,
659, 벨라 손,,,
660, 임순례,,,
661, 채영,,,
662, 홍헌표,,,
663, 김한결,,,
664, 쿠엔틴 타란티노,,,
665, 빌 로버츠,,,
666, 짐 자무쉬,,,
667, 아라키 테츠로,,,
668, 톰 티크베어,,,
669, 이해영,,,
670, 정연,,,
671, 이동희,,,
672, 윤재구,,,
673, 리 톨랜드 크리거,,,
674, 야노 히로유키,,,
675, 기타가와 에리코,,,
676, 제임스 콕스,,,
677, 서운,,,
678, 롭 민코프,,,
679, 이일형,,,
680, 최낙윤,,,
681, 엠마 아산테,,,
682, 조셀린 무어하우스,,,
683, 조지 밀러,,,
684, 짐 길레스피,,,
685, 신수원,,,
686, 애덤 로비텔,,,
687, 라세 할스트롬,,,
688, 토가시 신,,,
689, 엘레노어 코폴라,,,
690, 장률,,,
691, 조스 웨던,,,
692, 미노리카와 오사무,,,
693, 김상진,,,
694, 조셉 코신스키,,,
695, 김성훈,,,
696, 피어스 브로스넌,,,
697, 댄 스캔론,,,
698, 진모영,,,
699, 카밀 들라마레,,,
700, 김진민,,,
701, 클림 시펜코,,,
702, 타무라 코타로,,,
703, 테레사 스트로젝,,,
704, 안소니 팽크하우저,,,
705, 해럴드 즈워트,,,
706, 닉힐 아드바니,,,
707, 은지원,,,
708, 오다 마나부,,,
709, 노나카 카즈미,,,
710, 후지모리 마사야,,,
711, 로브 라이너,,,
712, 박해일,,,
713, 피터 잭슨,,,
714, 짐 캐리,,,
715, 오승욱,,,
716, 딘 이스라엘리트,,,
717, 스기이 기사부로,,,
718, 바비 패럴리,,,
719, 켈리 프레몬,,,
720, 세르지오 델피노,,,
721, 정범식,,,
722, 드니 빌뇌브,,,
723, 저스틴 롱,,,
724, 존 왓츠,,,
725, 라이언 쿠글러,,,
726, 로버트 테일러,,,
727, 모모,,,
728, 리처드 이어,,,
729, 티모시 렉카트,,,
730, 한준희,,,
731, J 블레이크슨,,,
732, 믹키 리델,,,
733, 최민식,,,
734, 아드리안 부이텐후이스,,,
735, 엄태화,,,
736, 마이클 메이슨,,,
737, 마테오 가로네,,,
738, 개빈 후드,,,
739, 프랑소와 오종,,,
740, 벤 샤프스틴,,,
741, 박명랑,,,
742, 닐 나이팅게일,,,
743, 스콧 워커,,,
744, 강형철,,,
745, 김명균,,,
746, 이종현,,,
747, 메릴 스트립,,,
748, 팀 밀러,,,
749, 해롤드 크론크,,,
750, 최경석,,,
751, 웨인 쏜리,,,
752, 차성덕,,,
753, 호아킨 피닉스,,,
754, 송창용,,,
755, 김종우,,,
756, J.C. 챈더,,,
757, 조엘 슈마허,,,
758, 데이비드 미쇼,,,
759, 이호재,,,
760, 알폰소 쿠아론,,,
761, 조민호,,,
762, 토미 위르콜라,,,
763, 줄리엣 비노쉬,,,
764, 신우,,,
765, 로랑 티라르,,,
766, 이민섭,,,
767, 쿠와바라 사토시,,,
768, 데이비드 크로넨버그,,,
769, 김한민,,,
770, 카와무라 토모히로,,,
771, 안소니 오나,,,
772, 앤서니 실버스톤,,,
773, 임찬상,,,
774, 홍주연,,,
775, 딘 테일러,,,
776, 양우석,,,
777, 서럽 밴 오먼,,,
778, 폴 워커,,,
779, 데릭 시엔프랜스,,,
780, 프랭크 밀러,,,
781, 디터 베르너,,,
782, 박현진,,,
783, 아론 실먼,,,
784, 베노이트 필립폰,,,
785, 이토 히데키,,,
786, 강유선,,,
787, 쉐일린 우들리,,,
788, 아리 에스터,,,
789, 창감독,,,
790, 도이 노부히로,,,
791, 박중훈,,,
792, 히로 타카시마,,,
793, 이안,,,
794, 제임스 카메론,,,
795, 레온 주센,,,
796, 스콧 레베레히트,,,
797, 찰스 마틴 스미스,,,
798, 더글러스 맥키넌,,,
799, 안재훈,,,
800, 쯔위,,,
801, 호소다 마모루,,,
802, 안소니 밍겔라,,,
803, 가스 데이비스,,,
804, 발레리 페리스,,,
805, 진광교,,,
806, 크리스찬 리버스,,,
807, 알렉스 가랜드,,,
808, 사나,,,
809, 마크 포스터,,,
810, 브라이언 싱어,,,
811, 스티븐 맨건,,,
812, 구스타보 지아니니,,,
813, 야마무로 타다요시,,,
814, 이성한,,,
815, 룬 스파안스,,,
816, 최정열,,,
817, 데오도르 멜피,,,
818, 박흥식,,,
819, 카일 발다,,,
820, 장규성,,,
821, 마이크 디사,,,
822, 야마시타 히로유키,,,
823, 키트 해링턴,,,
824, 장-클리스토페 리에,,,
825, 김태훈,,,
826, 미셸 오슬로,,,
827, 세르지오 맨피오,,,
828, 데이빗 로워리,,,
829, 티모 오테반거,,,
830, 아론 미르테스,,,
831, 이성강,,,
832, 곽재용,,,
833, 소피아 코폴라,,,
834, 강석필,,,
835, 펠릭스 보쉬,,,
836, 토드 헤인즈,,,
837, 피터 아스킨,,,
838, 니마 누리자데,,,
839, 문현성,,,
840, 대니 스트롱,,,
841, 알란 커밍,,,
842, 소츠코브 바딤,,,
843, 샤나 페스트,,,
844, 토니 케이,,,
845, 타이카 와이티티,,,
846, 에이슬링 월쉬,,,
847, 최윤석,,,
848, 박혁지,,,
849, 브렌든 프레이저,,,
850, 허정,,,
851, 줄 아리핀,,,
852, 이달,,,
853, 월터 힐,,,
854, 히로시 카와마타,,,
855, 톰 포드,,,
856, 정유미,,,
857, 임필성,,,
858, 데이빗 프랭클,,,
859, 도노반 마시,,,
860, 아리엘 슐만,,,
861, 아르나드 부롱,,,
862, 조 루소,,,
863, 롭 코헨,,,
864, 데이브 그린,,,
865, 사라 가브론,,,
866, 허버트 베일란드,,,
867, 캘런 브런커,,,
868, 장 피에르 다르덴,,,
869, 펭 페이,,,
870, 알리체 로르와커,,,
871, 라이언 구즈먼,,,
872, 마이클 무어,,,
873, 윌리암 H. 머시,,,
874, 이완 맥그리거,,,
875, 장이머우,,,
876, 타파스 차크라바르티,,,
877, 사토 신스케,,,
878, 전형준,,,
879, 연상호,,,
880, 알렉상드르 아스티에,,,
881, 최신규,,,
882, 브래드 페이튼,,,
883, 미즈타 와사비,,,
884, 베리 쿡,,,
885, 임정하,,,
886, 후쿠야마 마사하루,,,
887, 크리스티안 하스,,,
888, 오이시 타츠야,,,
889, 벤슨 리,,,
890, 숀 레비,,,
891, 민백두,,,
892, 로버트 뷔드로,,,
893, 데이빗 코엡,,,
894, 톰 볼프,,,
895, 조던 복트-로버츠,,,
896, 가이 피어스,,,
897, 야마다 나오코,,,
898, 안드레아 블록,,,
899, 댄 마저,,,
900, 존 건,,,
901, 에디 레드메인,,,
902, 라인하드 클루스,,,
903, 팀 로즌,,,
904, 프랭크 그릴로,,,
905, 크리스 버틀러,,,
906, 조원희,,,
907, 지효,,,
908, 미셸 공드리,,,
909, 리차드 라니,,,
910, 우민호,,,
911, 다라 오코넬,,,
912, 김지열,,,
913, 정다원,,,
914, 이선균,,,
915, 윤용진,,,
916, 마이클 그레이시,,,
917, 마크 앳킨스,,,
918, 데이비드 비스바노,,,
919, 마누크 데포얀,,,
920, 야기 류이치,,,
921, 마원,,,
922, 릴리 워쇼스키,,,
923, 존 레귀자모,,,
924, 이준익,,,
925, 아담 맥케이,,,
926, 바실리 로벤스키,,,
927, 하마구치 류스케,,,
928, 길예르모 델 토로,,,
929, 유위강,,,
930, 타셈 싱,,,
931, 바즈 루어만,,,
932, 존 R. 레오네티,,,
933, 바박 나자피,,,
934, 유선동,,,
935, 피터 램지,,,
936, 호소다 마사히로,,,
937, 엘렌 홀맨,,,
938, 조셉 고든 레빗,,,
939, 마틴 캠벨,,,
940, 앤드류 어윈,,,
941, 위성준,,,
942, 하시모토 히로유키,,,
943, 지성,,,
944, 최국희,,,
945, 라이언 스미스,,,
946, 피터 패럴리,,,
947, 앤드류 스탠튼,,,
948, 마크 스티븐 존슨,,,
949, 그레타 거윅,,,
950, 전도연,,,
951, 마이클 도허티,,,
952, 정량,,,
953, 박진표,,,
954, 제이알,,,
955, 타키모토 미오리,,,
956, 브렌튼 스웨이츠,,,
957, 히라야마 미호,,,
958, 조치언,,,
959, 이호경,,,
960, 올리버 스톤,,,
961, 틸다 스윈튼,,,
962, 신상민,,,
963, 클린트 이스트우드,,,
964, 에릭 라티고,,,
965, 크리스 피언,,,
966, 리치 무어,,,
967, 알렉산더 페인,,,
968, 데이비드 F. 샌드버그,,,
969, 엘라 콜트레인,,,
970, 샘 멘데스,,,
971, 쑤 투르한,,,
972, 안톤 옐친,,,
973, 피오나 고든,,,
974, 김정훈,,,
975, 나딘 라바키,,,
976, 미유키 우에하라,,,
977, 게일 맨쿠소,,,
978, 제이홉,,,
979, 문제용,,,
980, 요하네스 로버츠,,,
981, 스티븐 쉬블,,,
982, 하나부사 츠토무,,,
983, 자크 데미,,,
984, 강예원,,,
985, 브래드 버드,,,
986, 타케모토 야스히로,,,
987, 오자운,,,
988, 다니엘르 톰슨,,,
989, 공유,,,
990, 마틴 스코세이지,,,
991, 프랭키 첸,,,
992, 니티왓 다라톤,,,
993, 켄 스콧,,,
994, 조나단 데이턴,,,
995, 야쿱 론스키,,,
996, 앤드류 헤이,,,
997, 롭 실베스트리,,,
998, 어네스토 파드롱,,,
999, 데릭 머레이,,,
1000, 크리스 에반스,,,
1001, 존 엘리엇,,,
1002, 마크 웹,,,
1003, 강제규,,,
1004, 피터 보그다노비치,,,
1005, 박용집,,,
1006, 김강우,,,
1007, 애덤 브라운,,,
1008, 막심 고바레,,,
1009, 김종관,,,
1010, 빈센트 파로노드,,,
1011, 등위봉,,,
1012, 커스틴 쉐리단,,,
1013, 허종호,,,
1014, 윤창섭,,,
1015, 아리엘 브로멘,,,
1016, 콜 산체스,,,
1017, 덱스터 플레처,,,
1018, F. 게리 그레이,,,
1019, 이한,,,
1020, 마이크 리,,,
1021, 테이트 테일러,,,
1022, 유키사다 이사오,,,
1023, 리처드 라그라브네스,,,
1024, 브렛 래트너,,,
1025, 전인환,,,
1026, 크레이그 맥닐,,,
1027, 김수환,,,
1028, 야마모토 야스이치로,,,
1029, 발타자르 코루마쿠르,,,
1030, 홍지영,,,
1031, 이원재,,,
1032, 이리노 미유,,,
1033, 트래비스 파인,,,
1034, 파블로 라라인,,,
1035, 변성현,,,
1036, 빔 벤더스,,,
1037, 이덕희,,,
1038, 제이크 캐스단,,,
1039, 안드레이 콘찰로프스키,,,
1040, 존 리 행콕,,,
1041, 해리슨 포드,,,
1042, 케빈 코스트너,,,
1043, 사카이 카즈오,,,
1044, 앙티 하이칼라,,,
1045, 김석윤,,,
1046, 박정오,,,
1047, 아론 폴,,,
1048, 정다운,,,
1049, 아네트 베닝,,,
1050, 문창용,,,
1051, 이인항,,,
1052, 제임스 밴더빌트,,,
1053, 김성제,,,
1054, 폴 페이그,,,
1055, 홍기선,,,
1056, 박대민,,,
1057, 오오타니 이쿠에,,,
1058, 제이크 슈레이어,,,
1059, 드류 피어스,,,
1060, 낸시 플로렌스 사바르,,,
1061, 에스펜 잔드베르크,,,
1062, 레오나르도 디카프리오,,,
1063, 폴 탠터,,,
1064, 표도르 드미트리에프,,,
1065, 폴 차이나,,,
1066, 정용기,,,
1067, 저스틴 잭햄,,,
1068, 필 알덴 로빈슨,,,
1069, 윤세영,,,
1070, 이용승,,,
1071, 토비 젠켈,,,
1072, 니콜라스 스톨러,,,
1073, 에즈라 와이즈,,,
1074, 노에미 사글리오,,,
1075, 이선호,,,
1076, 존 크로키다스,,,
1077, 폴 킹,,,
1078, 스티븐 S. 드나이트,,,
1079, 나연,,,
1080, 데니스 간젤,,,
1081, 로제르 아길라르,,,
1082, 조엘 킨나만,,,
1083, 쏘어 프류덴탈,,,
1084, 미야오 요시카즈,,,
1085, 알렉스 페티퍼,,,
1086, 페이튼 리드,,,
1087, 데이빗 알루,,,
1088, 도미닉 쿡,,,
1089, 조던 베이커,,,
1090, 리처드 글랫저,,,
1091, 스도 토모노리,,,
1092, 이민재,,,
1093, 베르너 헤어조크,,,
1094, 하비에르 페서,,,
1095, 윤시윤,,,
1096, 토다 케이코,,,
1097, 카네다 오사무,,,
1098, 브누와 쟉꼬,,,
1099, 필립 노이스,,,
1100, 이시이 유야,,,
1101, 줄리아 폰 하인츠,,,
1102, 정기훈,,,
1103, 줄리안 조단,,,
1104, 피에르 모렐,,,
1105, 로저 미첼,,,
1106, 리처드 론크레인,,,
1107, 필리프 팔라도,,,
1108, 스콧 만,,,
1109, 알베르토 마르,,,
1110, 토드 필립스,,,
1111, 호세 파딜라,,,
1112, 젠디 타타코브스키,,,
1113, 가브리엘 리바 팔라시오 알라트리스테,,,
1114, 성룡,,,
1115, 코바야시 유키,,,
1116, 버나드 로즈,,,
1117, 제이슨 라이트,,,
1118, 게빈 오코너,,,
1119, 방형우,,,
1120, 김재덕,,,
1121, 스티븐 프리어스,,,
1122, 마리나 네페도바,,,
1123, 시즈노 코분,,,
1124, 윌리엄 유뱅크,,,
1125, 프란시스 로렌스,,,
1126, 로버츠 개너웨이,,,
1127, 존 말루프,,,
1128, 토니 세르빌로,,,
1129, 조엘 크로포드,,,
1130, 알렉산드르 아야,,,
1131, 후시하라 켄시,,,
1132, 이재용,,,
1133, 최우식,,,
1134, 제임스 왓킨스,,,
1135, 사이먼 페그,,,
1136, 엄유나,,,
1137, 차태현,,,
1138, 이수진,,,
1139, 키시 세이지,,,
1140, 남대중,,,
1141, 모홍진,,,
1142, 황정민,,,
1143, 로베르트 슈벤트케,,,
1144, 홍현정,,,
1145, 이동은,,,
1146, 리암 니슨,,,
1147, 마동석,,,
1148, 최호,,,
1149, 닐 블롬캠프,,,
1150, 레베카 매튜스,,,
1151, 로아 우타우,,,
1152, 샘 햄슨,,,
1153, 야론 질버맨,,,
1154, 장광,,,
1155, 에릭 넬슨,,,
1156, 마이크 트메이어,,,
1157, 안국진,,,
1158, 허원,,,
1159, 이정범,,,
1160, 제이미 밋첼,,,
1161, J.J. 에이브럼스,,,
1162, 찰리 스트레이턴,,,
1163, 램버트 윌슨,,,
1164, 도미니크 아벨,,,
1165, 김주호,,,
1166, 석민우,,,
1167, 카일 랜킨,,,
1168, 알렉스 오렐,,,
1169, 크리스티앙 벵상,,,
1170, 김곡,,,
1171, 방은진,,,
1172, 김하라,,,
1173, 알렉산더 바흐,,,
1174, 제레미 드그루손,,,
1175, 테일러 쉐리던,,,
1176, 조현훈,,,
1177, 샘 펠,,,
1178, 루이스 부뉴엘,,,
1179, 애드리안 브로디,,,
1180, 알폰소 고메즈-레존,,,
1181, 크레이그 질레스피,,,
1182, 알레한드로 아메나바르,,,
1183, 박철민,,,
1184, 올가 로패토,,,
1185, 우시로 신지,,,
1186, 안권태,,,
1187, 요시다 다이하치,,,
1188, 데이빗 토히,,,
1189, 이마이즈미 리키야,,,
1190, 변영규,,,
1191, 데이빗 핀처,,,
1192, 고정욱,,,
1193, 윌프레드 잭슨,,,
1194, 저스틴 밸도니,,,
1195, 대니 분,,,
1196, 월리 피스터,,,
1197, 김의석,,,
1198, 잭 스마이트,,,
1199, 김진묵,,,
1200, 하네스 홀름,,,
1201, 류정우,,,
1202, 조진규,,,
1203, 정연식,,,
1204, 유하,,,
1205, 조시 쿨리,,,
1206, 엄정화,,,
1207, 빌 포래드,,,
1208, 벵상 파타,,,
1209, 이시하라 타츠야,,,
1210, 박상준,,,
1211, 한혜진,,,
1212, 크리스 파인,,,
1213, 애드리언 그런버그,,,
1214, 하지원,,,
1215, 윌 핀,,,
1216, 장수원,,,
1217, 알트욤 루키체프,,,
1218, 켈란 루츠,,,
1219, 케빈 먼로,,,
1220, 스티븐 소더버그,,,
1221, 허준형,,,
1222, 다카하시 아츠시,,,
1223, 척 파워스,,,
1224, 스콧 제프리,,,
1225, 슈테판 루조비츠키,,,
1226, 릭 오스터만,,,
1227, 비탈리 무카메지아노브,,,
1228, 피터 첼섬,,,
1229, 톰 후퍼,,,
1230, 라이 루소 영,,,
1231, 스티브 마티노,,,
1232, 매티 벡커맨,,,
1233, 벨렌 루에다,,,
1234, 설경구,,,
1235, 제레미 아이언스,,,
1236, 차야놉 분프라콥,,,
1237, 로슨 마샬 터버,,,
1238, 스콧 데릭슨,,,
1239, 정우성,,,
1240, 로완 조페,,,
1241, 이요섭,,,
1242, 가렛 에드워즈,,,
1243, 로버트 드 니로,,,
1244, 토니 레온디스,,,
1245, 안재홍,,,
1246, 카린느 타르디유,,,
1247, 성시흡,,,
1248, 홍상수,,,
1249, 애너 보든,,,
1250, 강동원,,,
1251, 정식,,,
1252, 구봉회,,,
1253, 풍덕륜,,,
1254, 김현석,,,
1255, 잭 키니,,,
1256, 월트 베커,,,
1257, 안소니 루소,,,
1258, 웨스 볼,,,
1259, 유위,,,
1260, 미키 타카히로,,,
1261, 크리스찬 베일,,,
1262, 벤 애플렉,,,
1263, 조병만,,,
1264, 세스 로건,,,
1265, 자비에 돌란,,,
1266, 임진순,,,
1267, 이수성,,,
1268, 조디 포스터,,,
1269, 조나단 레빈,,,
1270, 지민,,,
1271, 파올로 소렌티노,,,
1272, 크리스티나 휴즈,,,
1273, 마크 실버스테인,,,
1274, 이라 카르페란,,,
1275, 유야마 쿠니히코,,,
1276, 데니스 스토르호이,,,
1277, 송승헌,,,
1278, 프레데릭 벨,,,
1279, 세르지오 레오네,,,
1280, 안드레스 무시에티,,,
1281, 하마다 타츠오미,,,
1282, 알렉스 커츠만,,,
1283, 김희애,,,
1284, 두기봉,,,
1285, 홍용호,,,
1286, 김성홍,,,
1287, 조정석,,,
1288, 채드 스타헬스키,,,
1289, 국동석,,,
1290, 게리 쇼어,,,
1291, 왕운비,,,
1292, 와타나베 카츠야,,,
1293, 웨스 앤더슨,,,
1294, 우디 앨런,,,
1295, 타라 아타샤하,,,
1296, 아담 추,,,
1297, 켄 로치,,,
1298, 권수경,,,
1299, 카메가키 하지메,,,
1300, 펠릭스 반 그뢰닝엔,,,
1301, 롤프 슈벨,,,
1302, 존 스티븐슨,,,
1303, 에드워드 즈윅,,,
1304, 스티븐 카플 주니어,,,
1305, 김지혜,,,
1306, 정지우,,,
1307, 사준의,,,
1308, 이장훈,,,
1309, 봉준호,,,
1310, 러셀 크로우,,,
1311, 오치아이 마사유키,,,
1312, 세스 맥팔레인,,,
1313, 타카하시 시게하루,,,
1314, 제시 아이젠버그,,,
1315, 김제영,,,
1316, 베넷 밀러,,,
1317, 육상효,,,
1318, 마이클 피트,,,
1319, 강석우,,,
1320, 실뱅 쇼메,,,
1321, 봉만대,,,
1322, 에비 콘,,,
1323, 타위랍 스리우티윙스,,,
1324, 카를로스 살다나,,,
1325, 김광식,,,
1326, 조 라이트,,,
1327, 자릴 라스페르,,,
1328, 정익환,,,
1329, 임대형,,,
1330, 딘 패리소트,,,
1331, 알레한드로 곤잘레스 이냐리투,,,
1332, 손용호,,,
1333, 맷 리브스,,,
1334, 니콜라이 아르셀,,,
1335, 히라오 타카유키,,,
1336, 정국,,,
1337, 민용근,,,
1338, 이석훈,,,
1339, 야마자키 다카시,,,
1340, 김대우,,,
1341, 코디 캐머런,,,
1342, 박형준,,,
1343, 양선,,,
1344, 우메츠 토모미,,,
1345, 요코이 타케시,,,
1346, 올리비에 다한,,,
1347, 이경섭,,,
1348, 마르얀 사트라피,,,
1349, 앤드류 가필드,,,
1350, 장수영,,,
1351, 크리스 콜럼버스,,,
1352, 엘리자베스 올슨,,,
1353, 이가라시 타쿠야,,,
1354, 김병서,,,
1355, 루벤 플레셔,,,
1356, 닉 카사베츠,,,
1357, 마이클 차베즈,,,
1358, 다니엘 드 필립포,,,
1359, 제프리 프리드먼,,,
1360, 게리 로스,,,
1361, 롭 레터맨,,,
1362, 전후석,,,
1363, 유재운,,,
1364, 로버트 저메키스,,,
1365, 님로드 앤탈,,,
1366, 김진영,,,
1367, 스티븐 소머즈,,,
1368, 루이 클리시,,,
1369, 크리스티안 레브링,,,
1370, 아쉬가르 파라디,,,
1371, 닐 조단,,,
1372, 이재한,,,
1373, 빅터 라키소프,,,
1374, 구스 반 산트,,,
1375, 더그 라이만,,,
1376, 다카하타 이사오,,,
1377, 강우석,,,
1378, 이지승,,,
1379, 김병갑,,,
1380, 임흥순,,,
1381, 신용우,,,
1382, 데인 쿡,,,
1383, 다니엘 에스피노사,,,
1384, 존 카니,,,
1385, 스티브 맥퀸,,,
1386, 모튼 틸덤,,,
1387, 미츠나카 스스무,,,
1388, 에바 그린,,,
1389, 이계벽,,,
1390, 폴 왕,,,
1391, 이광재,,,
1392, 김태곤,,,
1393, 이레,,,
1394, 샤를로뜨 갱스부르,,,
1395, 조나단 드미,,,
1396, 손석우,,,
1397, 김현호,,,
1398, 리 워넬,,,
1399, 왕가위,,,
1400, 김서영,,,
1401, 나타우트 폰피리야,,,
1402, 롤랜드 에머리히,,,
1403, 돈 홀,,,
1404, 아녜스 바르다,,,
1405, 구스타보 타레토,,,
1406, 블라디미르 토로프킨,,,
1407, 현빈,,,
1408, 이영준,,,
1409, 길 정거,,,
1410, 마이크 화이트,,,
1411, 윤제완,,,
1412, 김성수,,,
1413, 고레에다 히로카즈,,,
1414, 폴로 미나구에즈,,,
1415, 앨런 테일러,,,
1416, 브라이언 헬겔랜드,,,
1417, 니콜 키드먼,,,
1418, 랜달 웰러스,,,
1419, 쥬세페 토르나토레,,,
1420, 박인제,,,
1421, 쿄고쿠 타카히코,,,
1422, 이기욱,,,
1423, 마크 월버그,,,
1424, 노덕,,,
1425, 김용균,,,
1426, 빌 콘돈,,,
1427, 에두와르도 슐츠,,,
1428, 팀 버튼,,,
1429, 로베르토 베니니,,,
1430, 에단 호크,,,
1431, 미미 레더,,,
1432, 요르고스 란티모스,,,
1433, 존 터틀타웁,,,
1434, 손지윤,,,
1435, 자비에르 피카드,,,
1436, 윌리엄 올드로이드,,,
1437, 마크 스트롱,,,
1438, 김현주,,,
1439, 모리와키 마코토,,,
1440, 폴 그린그래스,,,
1441, 박한별,,,
1442, 비욘 룬게,,,
1443, 타카야마 미나미,,,
1444, 콘래드 버논,,,
1445, 박수진,,,
1446, 토니 탕,,,
1447, 임준현,,,
1448, 야지마 테츠오,,,
1449, 그레고리 플로킨,,,
1450, 슈가,,,
1451, 노영미,,,
1452, 피트 닥터,,,
1453, 레오 리,,,
1454, 미아 한센-러브,,,
1455, 크리스티앙 드 비타,,,
1456, 타카하시 와타루,,,
1457, 세드릭 클라피쉬,,,
1458, 산드라 블록,,,
1459, 미카엘 하네케,,,
1460, 딘 데블린,,,
1461, 아리 산델,,,
1462, 마이클 윈터바텀,,,
1463, 김홍선,,,
1464, 스티브 스타놀리스,,,
1465, 장시림,,,
1466, 루퍼트 샌더스,,,
1467, 제니퍼 웨스트콧,,,
1468, 톰 맥그라스,,,
1469, 오오모리 타카히로,,,
1470, 엔조 달로,,,
1471, 권오광,,,
1472, 조근현,,,
1473, 윤상현,,,
1474, 시멘 알스빅,,,
1475, 강소연,,,
1476, 로즈 로더,,,
1477, 코모리 요시히로,,,
1478, 김인권,,,
1479, 카와이 하야토,,,
1480, 자움 콜렛 세라,,,
1481, 마이크 밀스,,,
1482, 벤 스타센,,,
1483, 허진호,,,
1484, 곽경택,,,
1485, 브래드 피트,,,
1486, 장적사,,,
1487, 마이클 더글라스,,,
1488, 뤽 베송,,,
1489, 페데 알바레즈,,,
1490, 존 웰스,,,
1491, 제임스 마쉬,,,
1492, 부르한 군,,,
1493, 헨리 유스트,,,
1494, 히라바야시 이사무,,,
1495, 오기환,,,
1496, 샘 레이미,,,
1497, 할 애쉬비,,,
1498, 제임스 그레이,,,
1499, 이종필,,,
1500, 텐 샤오펑,,,
1501, 켄타나 H. 쿠야스,,,
1502, 데이빗 레이치,,,
1503, 조 코니쉬,,,
1504, 이병헌,,,
1505, 백재호,,,
1506, 엔리크 가토,,,
1507, 윤종찬,,,
1508, 커일 칼빈,,,
1509, 김도영,,,
1510, 조니 뎁,,,
1511, 우시지마 신이치로,,,
1512, 글렌 피카라,,,
1513, 스파이크 존즈,,,
1514, 이언희,,,
1515, 장훈,,,
1516, 가스 제닝스,,,
1517, 권형진,,,
1518, 제임스 이브즈,,,
1519, 주원,,,
1520, 조하네스 로버츠,,,
1521, 피터 위어,,,
1522, 마틴 프리먼,,,
1523, 김진열,,,
1524, 크리스 맥케이,,,
1525, 오스카 아이삭,,,
1526, 주디 덴치,,,
1527, 쯔씽 쫑,,,
1528, 마이크 플래너건,,,
1529, 지오지오 세라피니,,,
1530, 바랫 낼러리,,,
1531, 니콜라스 케이지,,,
1532, 제임스 완,,,
1533, 서극,,,
1534, 엘리자베스 이토,,,
1535, 요네바야시 히로마사,,,
1536, 나카노 료타,,,
1537, 김성기,,,
1538, 마커스 하먼,,,
1539, 조의석,,,
1540, 마크 펠링톤,,,
1541, M. 나이트 샤말란,,,
1542, 폴 앤더슨,,,
1543, 리양우,,,
1544, 장 마크 발레,,,
