,name
1, 파티마 사나 셰이크
2, 정우성
3, 하시모토 아이
4, 칸이치로
5, 미셸 파이퍼
6, 김군
7, 김예원
8, 카라 엘레할데
9, 제라르딘 나카체
10, 신은경
11, 강금연
12, 차성덕
13, 일라이저 우드
14, 조셉 마젤로
15, 이영석
16, 토쿠이 소라
17, 이마이 아사미
18, 사브리나 페릴리
19, 추상미
20, 라일리 오스본
21, 손윤상
22, 코코
23, 로라 리니
24, 진경
25, 장경희
26, 김주혁
27, 소피아 베르가라
28, 크리스 브라운
29, 멜리사 조안 하트
30, 김춘희
31, 마치아스 슈와바이어퍼
32, 엘리아데스 오초아
33, 강수진
34, 모로호시 스미레
35, 사카구치 켄타로
36, 브리지트 포시
37, 최민호
38, 김리흔
39, 제프 브리지스
40, 존 트라볼타
41, 이계인
42, 프레더릭 피에롯
43, 데이비드 호크니
44, 김연우
45, 조던 캘러웨이
46, 토마스 이안 니콜라스
47, 크리스토프 하덱
48, 레베카 퍼거슨
49, 올리비아 데종
50, 천호진
51, 조니 웨스턴
52, 래닉 가우트리
53, 다코타 존슨
54, 할리 베리
55, 곽규미
56, 린다 라킨
57, 손선영
58, 크리스텔라 알론조
59, 조승연
60, 소정환
61, 타카야마 미나미
62, 아리안 라베드
63, 엘리자베스 모스
64, 프라파스 콜사라논
65, 이동휘
66, 틸다 스윈튼
67, 마리아 시드
68, 노아 주프
69, 르자
70, 차이나 앤 맥클레인
71, 에이미 와인하우스
72, 이재범
73, 나자닌 보니아디
74, 마크 러팔로
75, 나가하마 신
76, 이청아
77, 엘리자베스 라일
78, 랜스 임
79, 이천희
80, 김정태
81, 알베트 블리크펠트
82, 패트릭 윌슨
83, 시아란 힌즈
84, 마리오 마우러
85, 송지효
86, 김영순
87, 터커 알브리지
88, 쿠도 아스카
89, 로버트 시한
90, 메리 엘리자베스 윈스티드
91, 빈센트 레건
92, 빌 세이지
93, 이아인
94, 박금분
95, 레이첼 니콜스
96, 한나 웨어
97, 데이비드 테넌트
98, 파드마 앙뚜
99, 리암 게리건
100, 시오노 아키히사
101, 튜펜스 미들턴
102, 마리아노 마르티네즈
103, 여진구
104, 브루노 마스
105, 이나가키 고로
106, 스티븐 연
107, 하비에르 드롤라스
108, 김휘
109, 이안 맥쉐인
110, 캐머런 영
111, 케이티 홈즈
112, 케케 파머
113, 정혜원
114, 도미닉 쿠퍼
115, 최윤영
116, 이브라힘 페레르
117, 자끄 페렝
118, T.J. 밀러
119, 존 존 브라이언스
120, 캐리 피셔
121, 차승원
122, 손호준
123, 제시 테일러 퍼거슨
124, 알리나 라니나
125, 김우남
126, 옥한흠
127, 닉 로빈슨
128, 레아 세이두
129, 최진리
130, 패튼 오스왈트
131, 이원순
132, 아만다 움스
133, 션 헤이즈
134, 돈 치들
135, 제이슨 베이트먼
136, 알리슨 스토너
137, 정준호
138, 박복형
139, 백승영
140, 에릭 엘모스니노
141, 정유정
142, 조보아
143, 브루노 살로몬
144, 정시연
145, 한수현
146, 바바라 레니
147, 덩차오
148, 에린 피츠제럴드
149, 강진아
150, 전무송
151, 믹키 섬너
152, 원에스더
153, 라미 말렉
154, 최찬영
155, 존 호키스
156, 엘리자베스 뱅크스
157, 아리 아비탄
158, 사토 사토미
159, 존 칼빈
160, 이세은
161, 조이 킹
162, 루카스 틸
163, 손민석
164, 이시다 타쿠야
165, 아이미
166, 저스틴 플레쳐
167, 김기철
168, 기무라 요시노
169, 에밀리 블런트
170, 이파니
171, 고성희
172, 지안
173, 이기복
174, 고동업
175, 아이비 조지
176, 수애
177, 몬티 카스티네이라스
178, 박지영
179, 래피 캐시디
180, 사카모토 이츠키
181, 알렉산드르 일린
182, 김응수
183, 신하균
184, 신정근
185, 캔디스 버겐
186, 아사쿠라 아즈미
187, 치아키
188, 정원창
189, 제임스 벨루시
190, 나카무라 치에
191, 조세핀 자피
192, 로저 알람
193, 곽민호
194, 장 피에르 바크리
195, 시마다 빈
196, 피오나 고든
197, 조우정
198, 빈스 본
199, 기욤 갈리엔
200, 채시라
201, 크리스 밀러
202, 유민
203, 안나소피아 롭
204, 담요문
205, 웨스 벤틀리
206, 고지마 후지코
207, 송새벽
208, 김부선
209, 스자키 아야
210, 데미안 비쉬어
211, 안젤리나 졸리
212, 박재현
213, 미와
214, 맷 보머
215, 김미랑
216, 시손 쥰
217, 이수경
218, 정채율
219, 진혜림
220, 증개현
221, 황창영
222, 신민아
223, 찰톤 헤스톤
224, 이정진
225, 장경부
226, 기무라 타쿠야
227, 유아인
228, 브래드 거렛
229, 코리 스톨
230, 타나카 카즈나리
231, 헬무트 베르거
232, 아이작 햄스터드 라이트
233, 콘도 타카유키
234, 방연지
235, 아오야기 후미코
236, 안젤리카 베일
237, 존 레귀자모
238, 칸다 사야카
239, 채민지
240, 자레드 해리스
241, 이정재
242, 우르갼 릭젠
243, 김병기
244, 마크 론슨
245, 벤 포스터
246, 에이사 곤살레스
247, 테노크 휴에타
248, 수호
249, 성완경
250, 키트 해링턴
251, 프란치스코
252, 비티 칼리오
253, 이세원
254, 엘리 켐퍼
255, 김수환
256, 리처드 E. 그랜트
257, 젠데이아 콜먼
258, 페넬로페 크루즈
259, 가엘 가르시아 베르날
260, 지창욱
261, 진기주
262, 제레미 레이 테일러
263, 류승범
264, 엠마 루이즈 웨브
265, 레나 헤디
266, 황승언
267, 마이클 러너
268, 진
269, 이안 맥켈런
270, 나카무라 에리코
271, 샘 록웰
272, 한고은
273, 골쉬프테 파라하니
274, 윤주희
275, 제시카 론디스
276, 마티아스 쇼에나에츠
277, 트레이 파커
278, 나카지마 켄토
279, 캐리 엘위스
280, 아딜 후세인
281, 장혁
282, 케빈 던
283, 스털링 K. 브라운
284, 스기야마 노리아키
285, 박순동
286, 윌 아넷
287, 김도훈
288, 박경혜
289, 알리슨 필
290, 아나 지라르도
291, 리차드 젠킨스
292, 미쉘 윌리엄스
293, 안홍진
294, 안드레아 오스바트
295, 니콜라스 홀트
296, 마이아 세스나
297, 이민기
298, 미야자키 아오이
299, 문성근
300, 스테파니 스콧
301, 엘렌 홀맨
302, 탕준상
303, 미타 원스
304, 경수진
305, 안소니 곤잘레스
306, 카디 비
307, 박지윤
308, 남경읍
309, 리브 타일러
310, 유대형
311, 애널리 팁튼
312, 윌 폴터
313, 정승욱
314, 장광
315, 로버트 드 니로
316, 로즈 레슬리
317, 요시유키 카즈코
318, 이아이
319, 마츠유키 야스코
320, 에스벤 토프트 야콥슨
321, 뱅상 카셀
322, 김혜준
323, 로드리고 산토로
324, 윤안나
325, 캐리 앤 모스
326, 프란카 포텐테
327, 윤진이
328, 한석규
329, 안피사 체크호바
330, 네이트 파커
331, 구구 바샤-로
332, 매기 스미스
333, 알렉세이 프란데티
334, 심혜진
335, 이바나 바쿠에로
336, 알리 라터
337, 조 샐다나
338, 헬레나 본햄 카터
339, 김옥경
340, 노영주
341, 스티븐 스트레이트
342, 이현주
343, 안토니 파딜라
344, 바이바이허
345, 퍼렐 윌리엄스
346, 아리무라 카스미
347, 강타
348, 욜랜드 모로
349, 마키 요코
350, 마크 앙드레 그롱당
351, 샤를로뜨 갱스부르
352, 데비 허니우드
353, 바바라 허쉬
354, 오다기리 죠
355, 타이론 블론디어
356, 황우슬혜
357, 장국영
358, 리사 쿠드로
359, 러셀 크로우
360, 레오나르도 디카프리오
361, 콘스탄스 우
362, 제이미 정
363, 쿠와시마 호우코
364, 최정원
365, 조지 셰프소브
366, 소피 터너
367, 프레드릭 발리프
368, 이와세 료
369, 키드 커디
370, 캐서린 살레
371, 봉만대
372, 사카구치 다이스케
373, 쵸
374, 타우픽 바롬
375, 손예진
376, 버나 펠턴
377, 도지한
378, 콘노 아유리
379, 사카모토 마아야
380, 스털링 제린스
381, 케이트리오나 발피
382, 프루넬 샤를-암브롱
383, 문예원
384, 카롤리나 바르체
385, 애덤 G. 세바니
386, 공리
387, 제시카 로테
388, 수지
389, 조경이
390, 이재용
391, 김혜성
392, 제프리 러쉬
393, 잔느 모로
394, 엘로디 퐁탕
395, 지혜
396, 에드워드 허먼
397, 잭 레이너
398, 오스틴 스토웰
399, 닉 크롤
400, 해몽요
401, 마이클 펄라노
402, 타카기 와타루
403, 앨리스 드바이어
404, 오양니니
405, 리암 헴스워스
406, 드리아 드 마테오
407, 미셸 빌레모
408, 제이크 맥더맨
409, 제이스 노먼
410, 임윤선
411, 사라 스누크
412, 박해일
413, 기네스 팰트로
414, 에반 피터스
415, 모리타 마사카즈
416, 박상우
417, 유은조
418, 전여빈
419, 임현제
420, 펠리시티 존스
421, 박상훈
422, 데이빗 크로스
423, 마원
424, 조안나 럼리
425, 쉐일린 우들리
426, 트레버 드볼
427, 나와주딘 시디퀴
428, 채닝 테이텀
429, 세키네 츠토무
430, 전도연
431, 엠마 왓슨
432, 프레야 메이버
433, 데이빗 듈리스
434, 크리스티앙 클라비에
435, 케이틀린 디아스
436, 이주원
437, 장정정
438, 알렉산더 스카스가드
439, 발 킬머
440, 제라드 버틀러
441, 하하
442, 굴초소
443, 루크 브레이시
444, 아유쉬만 커라나
445, 오구리 슌
446, 홍진욱
447, 서영주
448, 질 를르슈
449, 데이비드 카에
450, 양유진
451, 이민형
452, 원효초
453, 채서진
454, 김영선
455, 장성호
456, 박성태
457, 야스미나 필라리 보넨
458, 이토 아야사
459, 이소연
460, 사라 베이커
461, 조나단 리스 마이어스
462, 카라 헤이워드
463, 코야마 리키야
464, 엠마누엘 자이그너
465, 심이영
466, 조달환
467, 샬롯 라일리
468, 정상훈
469, 홍다미
470, 후안 샌즈
471, 이주승
472, 이노우에 마오
473, 맥스 마티니
474, 애드리애너 그라지엘
475, 김희애
476, 빌 스카스가드
477, 토빈 벨
478, 피 부
479, 리빙빙
480, 빌 나이
481, 올리비아 콜맨
482, 진구
483, 글렌 클로즈
484, 브릿 로버트슨
485, 클리프톤 콜린스 주니어
486, 줄리 델피
487, 디리러바
488, 도미닉 레인스
489, 윌리암 볼드윈
490, 포레스트 휘태커
491, 로만 빌릭
492, 임시완
493, 키건 마이클 키
494, 저스틴 채트윈
495, 김하연
496, 데이빗 오예로워
497, 민아
498, 하세가와 아키코
499, 발리에리 르메르시
500, 박영재
501, 이사벨라 모너
502, 스티브 부세미
503, 마이클 케슬러
504, 웬디 맥렌던 커비
505, 세스 맥팔레인
506, 가렛 딜라헌트
507, 사문영
508, 벤 애플렉
509, 로버트 숀 레오나드
510, 이소무라 아이코
511, 이현진
512, 고경표
513, 호리카와 료
514, 바크하드 압디라만
515, 루크 윌슨
516, 진비우
517, 고수
518, 에이미 아담스
519, 우정신
520, 라이언 고슬링
521, 이주창
522, 리아나
523, 헤로니모 임
524, 후치가미 마이
525, 해리슨 포드
526, 고아라
527, 드레이크 벨
528, 제레미 아이언스
529, 나오미 해리스
530, 최우정
531, 하룡이
532, 남상미
533, 알렉스 뉴이스테터
534, 장만옥
535, 정재호
536, 김민재
537, 로라 던
538, 롤프 라스가드
539, 레이 스티븐슨
540, 전광주
541, 김윤석
542, 설경구
543, 이창환
544, 애쉬튼 커쳐
545, 라프 스팰
546, 크리스 파인
547, 김꽃비
548, 박철우
549, 이예원
550, 지나 말론
551, 마리안 알바레즈
552, 헤더 로클리어
553, 임슬옹
554, 레슬리 존스
555, 이주영
556, 시에나 밀러
557, 와타나베 슈
558, 스와 나나카
559, 한신
560, 이시카와 히데오
561, 마일로 벤티밀리아
562, 엘예스 가벨
563, 데이비드 매주즈
564, 빈센트 도노프리오
565, 에모토 아키라
566, 이지형
567, 히라이즈미 세이
568, 잭쿠이 반브룩
569, 서예지
570, 황태광
571, 토미 리 존스
572, 오드리 토투
573, 제이미 폭스
574, 김민규
575, 강성미
576, 김동영
577, 유지원
578, 최여진
579, 케이트 미쿠치
580, 배진홍
581, 쿠스다 아이나
582, 주걸륜
583, 임서주
584, 에시어 엑센디아
585, 루시오 마우리노
586, 성준
587, 스콧 앳킨스
588, 조 앤더슨
589, 올리비아 홀트
590, 사라 폴리
591, 현충현
592, 신지뢰
593, 오마라 포르투온도
594, 리정샹
595, 쿠니시마 나오키
596, 양자경
597, 이소영
598, 드웨인 존슨
599, 토비 맥과이어
600, 밀리 바비 브라운
601, 이소은
602, 론 샤바놀
603, 마이클 K. 윌리엄즈
604, 에이든 러브캠프
605, 로레인 투세인트
606, 벤 스틸러
607, 이대연
608, 후지와라 케이지
609, 팜케 얀센
610, 로빈 라이트
611, 호리에 유이
612, 치바 유다이
613, 루퍼트 에반스
614, 김영옥
615, 한지민
616, 벤 하디
617, 아일라 피셔
618, 애런 존슨
619, 위훈
620, 스칼릿 조핸슨
621, 강신철
622, 카미시라이시 모카
623, 아베 사다오
624, 시호
625, 하용조
626, 오오츠카 사에
627, 토니 콜렛
628, 천정명
629, 나카무라 카이토
630, 린다 카델리니
631, 슈퍼주니어
632, 스즈키 안
633, 하타나카 타스쿠
634, 메릴 스트립
635, 아티피치 추티와칸존차이
636, 지니퍼 굿윈
637, 필립 버그
638, 샘 오취리
639, 정준영
640, 케링턴 페인
641, 이민호
642, 나가노 메이
643, 박성광
644, 김주호
645, 존 F.브룬고트
646, 키노 하나
647, 트래비스 핌멜
648, F. 머레이 아브라함
649, 패트리샤 아퀘트
650, 크리스티나 리치
651, 앨런 릭먼
652, 비고 모텐슨
653, 나탈리 포트만
654, 김현욱
655, 키이라 나이틀리
656, 아케사카 사토미
657, 아나벨라 로케
658, 레일라 분야삭
659, 비비안 마이어
660, 니시카와 슌스케
661, 미셀 부케
662, 제시 어셔
663, 수라즈 샤르마
664, 류현경
665, 오키아유 료타로
666, 조던 로슨
667, 레슬리 오덤 주니어
668, 이이다 리호
669, 메디 모인자데
670, 제임스 스페이더
671, 조지 타케이
672, 마이크 폴락
673, 이경준
674, 마리옹 꼬띠아르
675, 벨라 손
676, 장동건
677, 제미마 루퍼
678, 맥케나 그레이스
679, 전후석
680, 필립 느와레
681, 권성혁
682, 성유리
683, 앤 르 니
684, 오아연
685, 벤 벡커
686, 데이비드 보트
687, 줄리 월터스
688, 김태환
689, 피어스 브로스넌
690, EXO
691, 제임스 헷필드
692, 루디 린
693, 친란
694, 오광록
695, 공효진
696, 박수명
697, 요르다노스 시프로우
698, 엄태구
699, 카리스마 카펜터
700, 선우
701, 캐롤라인 도
702, 서리나
703, 아메리카 페레라
704, 제니퍼 로렌스
705, 와타나베 츠루기
706, 이장훈
707, 임하진
708, 에릭 스톤스트릿
709, 로건 마샬 그린
710, 황유상
711, 샐리 필드
712, 홍민아
713, 아르튀르 뒤퐁
714, 클라라
715, 마틴 맥커친
716, 카일 챈들러
717, 마크 게티스
718, 레이몬드 오초아
719, 윤유선
720, 파비앙 에로
721, 제이미 블랙리
722, 제임스 코번
723, 안종덕
724, 임윤
725, 엘렌 바킨
726, 오은주
727, 발레리 파흐너
728, 야마구치 유리코
729, 마이클 오그
730, 레이븐 애덤슨
731, 소피 마르소
732, 이안 그루퍼드
733, 가브리엘 유니온
734, 강지환
735, 마가렛 피사렉
736, 김민정
737, 타카하시 미나미
738, 이르판 칸
739, 강이헌
740, 네이슨 레인
741, 아드리안 팔리키
742, 윌.아이.엠
743, 윤여정
744, 진영
745, 카호
746, 조엘 킨나만
747, 아뉴린 바나드
748, 제니퍼 러브 휴잇
749, 샤론 릴
750, 최민수
751, 고아성
752, 파이살 아메드
753, 김성수
754, 다케노우치 유타카
755, 코라 켄고
756, 앵거스 맥페이든
757, 코빈 리드
758, 올리비아 다보
759, 이종혁
760, 송보은
761, 소피 드 퓌어스트
762, 송영인
763, 조슈아 그레이엄
764, 타일러 포시
765, 마리오 아도프
766, 게르 두아니
767, 소피 넬리스
768, 예카테리나 삼소노프
769, 이케마츠 소스케
770, 칼럼 키스 레니
771, 더스틴 호프만
772, 리카르도 알라니스
773, 소지섭
774, 캐슬린 한나
775, 진세연
776, 서홍석
777, 에모리 코헨
778, 캐리 월그렌
779, 디오
780, 자레드 길만
781, 다니엘 칼루야
782, 에드가 라미레즈
783, 김채하
784, 이솜
785, 황뢰
786, 지만원
787, 자크 길포드
788, 이재현
789, 루한
790, 안나 와게너
791, 윤제휘
792, 라일리 코프
793, 마일스 트루잇
794, 매기 큐
795, 파브리지오 롱기온
796, 제시 멧칼피
797, 왕석현
798, 서강준
799, 프랑수아 제르비에 드메종
800, 게리 스트레치
801, 오프라 윈프리
802, 벤 슈와츠
803, 김수로
804, 사이먼 페그
805, 메허샬레하쉬바즈 엘리
806, 성룡
807, 댄 스티븐스
808, 보이드 홀브룩
809, 히스 레저
810, 히어로 파인즈 티핀
811, 데이비드 모리시
812, 제니퍼 틸리
813, 사만다 비
814, 클레어 데인즈
815, 김희원
816, 모리스 체스트넛
817, 드니 포달리데스
818, 이사벨라 로셀리니
819, 우나 로렌스
820, 셀튼 멜로
821, 고보결
822, 마츠모토 준
823, 마이클 오우수
824, 이지훈
825, 케빈 구스리
826, 앨리슨 제니
827, 여욱환
828, 이범수
829, 김한주
830, 폴 매카트니
831, 권창욱
832, 존 햄
833, 왕대륙
834, 브루나 맷신
835, 차논 산티네톤쿨
836, 카메론 디아즈
837, 줄레이카 로빈슨
838, 박조호
839, 로렌스 피시번
840, 세이모어 번스타인
841, 프랑수아 다미앙
842, 토마스 제인
843, 폴 브라이언트
844,류승범
845, 키엘 산체즈
846, 리스 하트위그
847, 정재연
848, 윤아
849, 플로렌스 포레스티
850, 스티븐 랭
851, 셀마 블레어
852, 줄리안 맥마혼
853, 에드워드 제임스 올모스
854, 성동일
855, 조민수
856, 정미숙
857, 키무라 스바루
858, 쿠로다 타카야
859, 로자먼드 파이크
860, 아담 드바인
861, 꼼빠이 세군도
862, 요나스 홀덴리에데르
863, 박지혜
864, 바비 카나베일
865, 호세 코로나도
866, 젬마 아터튼
867, 박사랑
868, 이미연
869, 이영은
870, 에스미 마키코
871, 올리비에 구르메
872, 유주
873, 브렌든 프레이저
874, 정해인
875, 휴 로리
876, 다니엘 헤니
877, 휴 보네빌
878, 우치야마 코우키
879, 박병은
880, 조윤희
881, 루이즈 보르고앙
882, 배소은
883, 사챠 바론 코헨
884, 테일러 키니
885, 얀 라벡
886, 서교
887, 랍 코드리
888, 치웨텔 에지오포
889, 제이슨 클락
890, 야마야 카스미
891, 변현우
892, 빌 멜렌데즈
893, 크리스토퍼 월켄
894, 후쿠야마 쥰
895, 김규리
896, 유제윤
897, 엘르 패닝
898, 바하르 파르스
899, 김성훈
900, 차윤성
901, 알 파치노
902, 올웬 캐서린 켈리
903, 신정훈
904, 동자건
905, 연준석
906, 잭 브라이트
907, 이경주
908, 매튜 맥커너히
909, 알렉스 러셀
910, 스테파니 보그트
911, 알레산드로 로마니
912, 디라 파에스
913, 요시노 히로유키
914, 니시무라 마사히코
915, 캠 지갠뎃
916, 존 우드바인
917, 사카키 히데오
918, 송강호
919, 풍소봉
920, 김재철
921, 헤르난 브라보
922, 지미 펄론
923, 폴라 비어
924, 박상면
925, 박해준
926, 스테파노 디오니시
927, 존 라이스 데이비스
928, 혁
929, 라이언 콴튼
930, 김소은
931, 타라 스트롱
932, 브리타니 스노우
933, 제이미 드레이븐
934, 이하나
935, 공형진
936, 권현상
937, 베티 길핀
938, 고양원더스선수들
939, 테드 맥긴리
940, 마허샬라 알리
941, 앨리스 잉글러트
942, 와타나베 켄
943, 전소니
944, 행크 아자리아
945, 킴 딕켄스
946, 사라 테일러
947, 장백지
948, 안토니아 베레즈카
949, 김용준
950, 쉘리 헨닝
951, 크리스토퍼 검머러스
952, 앤서니 퀸틀
953, 오경
954, 나딘 벨라즈퀘즈
955, 밥 오덴커크
956, 강호철
957, 미란다 오토
958, 크리스 쿠퍼
959, 김영은
960, 조승우
961, 김상호
962, 바이올렛 빈
963, 서지연
964, 제시카 오툴
965, 배창복
966, 최석필
967, 이자벨라 비도빅
968, 쿠로키 하루
969, 고두심
970, 유재명
971, 니콜레타 브라스키
972, 야나기 미키
973, 김새론
974, 김하늘
975, 토머스 보르히 닐슨
976, 최명빈
977, 슈하마 하루미
978, 로렌 코핸
979, 마티유 아말릭
980, 브뤼노 꿀레
981, 곽윤상
982, 이상호
983, 크리스티안 맥케이
984, 크리스토퍼 멜로니
985, 제시카 차스테인
986, 레이 로마노
987, 해리 쉬어러
988, 닐 패트릭 해리스
989, 카키하라 테츠야
990, 정성화
991, 김인우
992, 레너드 니모이
993, 잭 휴스턴
994, 안야 테일러 조이
995, 윌리엄 루앤
996, 박요한
997, 샘 워싱턴
998, 아론 미르테스
999, 도날드 글로버
1000, 바네사 파라디
1001, 다케우치 준코
1002, 이성경
1003, 나탈리 볼트
1004, 야마시타 다이키
1005, 제이슨 리
1006, 김중기
1007, 에린 모리아티
1008, 김민주
1009, 제이본 워너 월튼
1010, 로즈마리 드윗
1011, 샘 엘리어트
1012, 김새벽
1013, 헤일리 베넷
1014, 가보리 시디베
1015, 애니 파츠
1016, 전태열
1017, 송유담
1018, 한복현
1019, 웨스 로빈슨
1020, 루비 로즈
1021, 손담비
1022, 연우진
1023, 로버트 구스타프슨
1024, 마르티나 게덱
1025, 이자벨 까레
1026, 최덕희
1027, 엘리자베스 모버그
1028, 레이첼 맥아담스
1029, 사사키 미유
1030, 크리스 히친
1031, 이명호
1032, 프레디 하이모어
1033, 애디슨 팀린
1034, 하연수
1035, 빈 디젤
1036, 정국
1037, 이광기
1038, 피터 사스가드
1039, 토비어스 멘지스
1040, 히로세 스즈
1041, 임경명
1042, 아이치버 올레스코아가
1043, 에도아도 가브리엘리니
1044, 브루스 윌리스
1045, 줄 아리핀
1046, 레비 이스털리
1047, 유승호
1048, 엘리너 톰린슨
1049, 모리카와 토시유키
1050, 임태풍
1051, 아르투 드 팡게른
1052, 미즈키 나나
1053, 릭키 제바이스
1054, 이도아
1055, 조지나 제인
1056, 강민아
1057, 이시영
1058, 루시 헤일
1059, 이모겐 푸츠
1060, 헨리 토마스
1061, 미야자와 리에
1062, 카지 유우키
1063, 파커 포시
1064, 노아 테일러
1065, 이안 찰슨
1066, 랄프 슈미츠
1067, 김상중
1068, 한채아
1069, 안도 사쿠라
1070, 블라디미르 브도비첸코프
1071, 토머스 F. 윌슨
1072, 박근록
1073, 케이티 믹슨
1074, 조동인
1075, 하마다 코코네
1076, 시영준
1077, 디 월리스
1078, 백승환
1079, 요안나 쿨릭
1080, 안윤선
1081, 조시 게드
1082, 빅토리아
1083, 성은
1084, 이종우
1085, 핏불
1086, 주디 그리어
1087, 타케우치 료마
1088, 젬마 찬
1089, 앤 해서웨이
1090, 로란트 도이취
1091, 김인권
1092, 라다 미첼
1093, 맨디 파틴킨
1094, 라스 울리히
1095, 손현주
1096, 강희선
1097, 천우희
1098, 안체 트라우
1099, 손은서
1100, 이정은
1101, 하성용
1102, 니코 하르퉁그
1103, 이미숙
1104, 양동근
1105, 팀 알렌
1106, 디피카 아민
1107, 에이단 터너
1108, 브랜던 스콧
1109, 타이라 아이리
1110, 오정세
1111, 하야시야 쇼조
1112, 오은수
1113, 이선호
1114, 줄리아 스타일스
1115, 까뜨린느 드뇌브
1116, 양익준
1117, 윤덕용
1118, 에무라 유우토
1119, 함수정
1120, 한인숙
1121, 이항나
1122, 김희선
1123, 신구
1124, 조재현
1125, 신성훈
1126, 김강우
1127, 콜린 베이커
1128, 조쉬 허처슨
1129, 릴리 레이브
1130, 존 코베트
1131, 린 샤예
1132, 스기사키 하나
1133, 권서하
1134, 알리슨 브리
1135, 정혜영
1136, 야지마 아키코
1137, 칸타라마 가히기리
1138, 케시 베이커
1139, 카드 므라드
1140, 킬리언 머피
1141, 에이사 버터필드
1142, 이아인 글렌
1143, 이슬
1144, 윤승아
1145, 박자희
1146, 웨스 스투디
1147, 조병만
1148, 짐 커밍스
1149, 루카 아르겐테로
1150, 류아벨
1151, 닉 프로스트
1152, 이나라
1153, 이폴리트 지라르도
1154, 코자쿠라 에츠코
1155, 아론 키지오프
1156, 류경수
1157, 코지마 리리아
1158, 모레나 바카린
1159, 말린 애커맨
1160, 톰 행크스
1161, 찰리 콕스
1162, 크리스토퍼 리
1163, 게자 뢰리히
1164, 모이라 켈리
1165, 마리아 카보이아니
1166, 김학철
1167, 조지 해리슨
1168, 고준희
1169, 우마 서먼
1170, 허준석
1171, 정준하
1172, 콜린 퍼스
1173, 박민지
1174, 곽사연
1175, 윌로우 쉴즈
1176, 마틴 스타
1177, 김은아
1178, 하비에르 레이
1179, 미치엘 휘즈먼
1180, 윌 펠츠
1181, 우디 앨런
1182, 마려
1183, 소피 오코네도
1184, 서다혜
1185, 죠 카이리
1186, 이규한
1187, 최오식
1188, 강시현
1189, 바네사 윌리암스
1190, 존 말루프
1191, 강혜정
1192, 지진희
1193, 시몬 압카리언
1194, 김지훈
1195, 한소영
1196, 마이구마 카츠야
1197, 민재 행자
1198, 데이빗 A.R. 화이트
1199, 헤더 고든
1200, 마이클 브랜든
1201, 마이카 먼로
1202, 이다 엥볼
1203, 엘리자베스 롬
1204, 이브 자크
1205, 핌차녹 류위셋파이분
1206, 김성균
1207, 제임스 프레체빌
1208, 마리아 피틸로
1209, 실베스터 스탤론
1210, 무라세 아유무
1211, 이용신
1212, 아놀드 오셍
1213, 우치다 마아야
1214, 일리야 함초프
1215, 로사리오 도슨
1216, 팀 로스
1217, 조하은
1218, 크리스토퍼 에클리스턴
1219, 스티브 잔
1220, 김영민
1221, 론다 로우지
1222, 오오쿠치 켄고
1223, 나카오 류세이
1224, 매디슨 린츠
1225, 린다 해밀턴
1226, 클라이브 오웬
1227, 하석
1228, 하나자와 카나
1229, 장성범
1230, 폴 브래니건
1231, 링고 스타
1232, 사라 볼거
1233, 양가휘
1234, 스티브 발렌타인
1235, 클로드 브라소
1236, 박해수
1237, 모리타카 아이
1238, 홍소영
1239, 존 심
1240, 조쉬 더하멜
1241, 타라지 P. 헨슨
1242, 빌 헤이더
1243, 장 위그 앙글라드
1244, 브래드 스웨일
1245, 조현정
1246, 제이마 메이스
1247, 서현진
1248, 김가령
1249, 우에토 아야
1250, 마커스 스크리브너
1251, 제이슨 모모아
1252, 이재준
1253, 마츠야마 켄이치
1254, 신현빈
1255, 황미영
1256, 다니 로비라
1257, 바크하드 압디
1258, 김수안
1259, 마고 마틴데일
1260, 다이안 키튼
1261, 카트린 프로
1262, 밀리센트 시몬스
1263, 민디 캘링
1264, 로버트 스톨텐베르그
1265, 신한호
1266, 문보람
1267, 엘런 드제너러스
1268, 조슈 브롤린
1269, 찰리 로우
1270, 사라 포레스티에
1271, 카롤리네 슈허
1272, 김범
1273, 브루노 강쯔
1274, 타무라 무츠미
1275, 황재원
1276, 리즈 위더스푼
1277, 휴고 위빙
1278, 리쪼
1279, 장용용
1280, 이창훈
1281, 윤학병
1282, 아리아나 그란데
1283, 박기웅
1284, 샤뮤스 데이비 핏츠패트릭
1285, 딜런 오브라이언
1286, 케이틀린 올슨
1287, 헤일리 비숍
1288, 휴고 실바
1289, 임지규
1290, 에디 이자드
1291, 강신일
1292, 모리 나나
1293, 매튜 폭스
1294, 타카기 히토시
1295, 후쿠야마 마사하루
1296, 루이스 이글레시아스
1297, 유태오
1298, 류혜영
1299, 박태산
1300, 올리비아 쿡
1301, 박보영
1302, 서영희
1303, 박진우
1304, 미셸 윌리엄스
1305, 조나단 잭슨
1306, 올리비아 문
1307, 주원
1308, 티모시 샬라메
1309, 빌리 코놀리
1310, 룰루 윌슨
1311, 홍 차우
1312, 아미르 칸
1313, 릭슨 테베즈
1314, 우영광
1315, 짐 던크
1316, 이선주
1317, 피터 딘클리지
1318, 토니 레볼로리
1319, 류승수
1320, 엔리크 빌렌
1321, 마이클 B. 조던
1322, 에드리언 보쳇
1323, 루이사나 로필라토
1324, 토요나가 토시유키
1325, 류의도
1326, 설리반 스탭플턴
1327, 애비 코니쉬
1328, 카렐 로든
1329, 아미 해머
1330, 시모네 라비브
1331, 브라이언 콕스
1332, 테일러 키취
1333, 이창재
1334, 김지율
1335, 허성재
1336, 하비에르 보텟
1337, 미아 와시코브스카
1338, 서태화
1339, 김서형
1340, 류세이 료
1341, 릴리아나 발바 마이네크
1342, 김철홍
1343, 대니얼 대 킴
1344, 정두언
1345, 다이앤 크루거
1346, 이지영
1347, 현가온
1348, 에이미 사빌레
1349, 스테링 할러웨이
1350, 오셔 잭슨 주니어
1351, 제시카 랭
1352, 레아 미셀
1353, 쉐릴린 펜
1354, 마리안느 스퇴거
1355, 헤이든 롤렌스
1356, 도미니크 아벨
1357, 게드 엘마레
1358, 자크 검블린
1359, 크리스토퍼 플러머
1360, 앵거스 샘슨
1361, 고야마 세이치로
1362, 바네사 커비
1363, 제미마 웨스트
1364, 방성준
1365, 황원
1366, 에프엑스
1367, 아드리아노 타르디올로
1368, 이수진
1369, 에드 옥슨볼드
1370, 유선
1371, 미니 드라이버
1372, 스티븐 볼드윈
1373, 소피아 부텔라
1374, 김시후
1375, 주이 디샤넬
1376, 캐서린 터너
1377, 시타야 노리코
1378, 미셀 도커리
1379, 브리아 비나이트
1380, 조성우
1381, 발로리 커리
1382, 이설구
1383, 마샤 게이 하든
1384, 이진희
1385, 크리스토퍼 나이츠
1386, 브루스 던
1387, 조안 알렌
1388, 주카 닐런드
1389, 인디아 아이슬리
1390, 성지루
1391, 장지총
1392, 엘리 세모운
1393, 최정현
1394, 이준
1395, 사라 폴슨
1396, 로렐라이 링크레이터
1397, 에미 로섬
1398, 양정화
1399, 테렌스 하워드
1400, 미란다 하트
1401, 데이빗 월튼
1402, 이규창
1403, 김광석
1404, 김태우
1405, 제인 린치
1406, 노만 리더스
1407, 세바스찬 냅
1408, 필립 세이모어 호프만
1409, 써니 파와르
1410, 오자와 유키요시
1411, 안영미
1412, 아델 하에넬
1413, 르네 젤위거
1414, 해나 카설카
1415, 라이언 포터
1416, 헌프리 토페라
1417, 온드레이 트로얀
1418, 샬롯 램플링
1419, 엘리슨 레이 로젠펠드
1420, 머라이어 캐리
1421, 이토 카나에
1422, 안나 켄드릭
1423, 나오미 왓츠
1424, 폴린 콜린스
1425, 전노민
1426, 마크 톰슨
1427, 존 헤저
1428, 히가시데 마사히로
1429, 홍광호
1430, 헬렌 미렌
1431, 변희봉
1432, 야마자키 타쿠미
1433, 사라 가돈
1434, 오마 사이
1435, 여윤미
1436, 베론 웰스
1437, 매튜 모딘
1438, 정선혜
1439, 브릿 모건
1440, 소연
1441, 오언조
1442, 브리 라슨
1443, 알리스태어 브래머
1444, 최문자
1445, 스테파니 비트리즈
1446, 앰버 허드
1447, 케빈 하트
1448, 콜린 메츠거
1449, 제이알
1450, 이레
1451, 미모리 스즈코
1452, 카라 델레바인
1453, 마이크 보겔
1454, 헨리 골딩
1455, 루이스 토사
1456, 김민교
1457, 티에리 프레몽
1458, 오카모토 노부히코
1459, 루이스 맥더겔
1460, 곽현화
1461, 스텔란 스카스가드
1462, 임채헌
1463, 저스틴 롱
1464, 마이클 치클리스
1465, 마이클 안젤리스
1466, 데이지 리들리
1467, 장뢰
1468, 유장영
1469, 폴 워커
1470, 산나 라단
1471, 알프리드 몰리나
1472, 베레니스 베조
1473, 니콜라 펠츠
1474, 도널드 플레젠스
1475, 알바 로르와처
1476, 호 타이 화
1477, 에리카 크리스틴슨
1478, 블레이크 스타델
1479, 양범
1480, 권율
1481, 헬렌 헌트
1482, 토리 켈리
1483, 브렌튼 스웨이츠
1484, 에바 노블자다
1485, 유지태
1486, 크리스 에반스
1487, 이안 헤콕스
1488, J. 마이클 핀리
1489, 빌리 하울
1490, 캐시디 지포드
1491, 김민희
1492, 숀 펜
1493, 니나 도브레브
1494, 아나 디 아르마스
1495, 후리하타 아이
1496, 강소라
1497, 누마쿠라 마나미
1498, 성민철
1499, 찰스 댄스
1500, 케이트 윈슬렛
1501, 김소영
1502, 마들렌 비손
1503, 헨리 카빌
1504, 제니퍼 제이슨 리
1505, 크리스티나 아길레라
1506, 나츠카와 유이
1507, 킴벌리 윌리엄스-페이슬리
1508, 정유미
1509, 유해무
1510, 리차드 매든
1511, 베르나르드 포처
1512, 야시로 타쿠
1513, 자비에르 사무엘
1514, 폴 제슨
1515, 제커리 레비
1516, 엠마뉴엘 잘
1517, 마이클 매드슨
1518, 김민성
1519, 아미아 밀러
1520, 히이라기 루미
1521, 안보현
1522, 테오 할름
1523, 서영
1524, 린제이 토렌스
1525, 조인성
1526, 케이티 코시니
1527, 선우선
1528, 오유진
1529, 오가타 켄이치
1530, 니콜 키드먼
1531, 레벨 윌슨
1532, 심규혁
1533, 서지석
1534, 류예
1535, 유인영
1536, 데이몬 웨이언스 주니어
1537, 반 시게루
1538, 티파니 해디쉬
1539, 김관태
1540, 스콧 와인거
1541, 루이스 풀먼
1542, 제임스 마스던
1543, 제니퍼 가너
1544, 개리
1545, 데이빗 모스
1546, 하마베 미나미
1547, 루퍼트 프렌드
1548, 시리 닐센
1549, 앤드레 고든
1550, 코너 파올로
1551, 정찬우
1552, 대니 맥브라이드
1553, 오노 마치코
1554, 김윤진
1555, 루이스 카를로스 데 모라이스
1556, 에밀리 미드
1557, 염정아
1558, 이시마루 켄지로
1559, 이종걸
1560, 이하율
1561, 양자산
1562, 박신혜
1563, 로즈 번
1564, 박인환
1565, 류승룡
1566, 버드 코트
1567, 이시언
1568, 숀 빈
1569, 쿠니치 노무라
1570, 로버트 다우니 주니어
1571, 류이호
1572, 김아중
1573, 막스 폰 시도우
1574, 마오
1575, 손수호
1576, 스칼렛 요한슨
1577, 스기모토 유
1578, 랜디 셸리
1579, 마리야 미로노바
1580, 원기준
1581, 찰리 허냄
1582, 오오타니 이쿠에
1583, 톰 펠튼
1584, 정웅인
1585, 우에사카 스미레
1586, 이경태
1587, 브누와 뽀엘부르드
1588, 브리아나 에비건
1589, 설혜인
1590, 조쉬 그린
1591, 아사노 타다노부
1592, 프란시스 바버
1593, 사라 실버맨
1594, 제라르딘 제임스
1595, 오인혜
1596, 조복래
1597, 로랑 라피트
1598, 앨리스 이브
1599, 린
1600, 지수
1601, 폴 뉴먼
1602, 이서연
1603, 이상희
1604, 이새아
1605, 에드 오닐
1606, 오소라
1607, 김태훈
1608, 임현식
1609, 딜란 맥더모트
1610, 킴 딜레이니
1611, 시고니 위버
1612, 닉 조나스
1613, 타일러 페리
1614, 리처드 용재 오닐
1615, 루크 트레더웨이
1616, 에이샤 호수완
1617, 신경선
1618, 조미래
1619, 라이언 필립
1620, 메릿 패터슨
1621, 제시 맥카트니
1622, 카밀 코탄
1623, 강석우
1624, 티모시 스폴
1625, 코비 스멀더스
1626, 캐서린 테이트
1627, 데브 파텔
1628, 스티브 호웨이
1629, 김민석
1630, 샤니 빈슨
1631, 김옥빈
1632, 김서영
1633, 조쉬 루카스
1634, 조세핀 랭포드
1635, 김희찬
1636, 김장
1637, 토머스 도니
1638, 블라디미르 티기쵸브
1639, 켈리 라일리
1640, 프랑수아 시빌
1641, 장쯔이
1642, 해나 존-케이먼
1643, 크리스토퍼 민츠 프래지
1644, 이원종
1645, 레오노어 바레라
1646, 아네 달 토르프
1647, 엠마누엘 리바
1648, 제임스 뱃지 데일
1649, 하람두
1650, 정주원
1651, 혼다 츠바사
1652, 휴 그랜트
1653, 타나카 마유미
1654, 유세형
1655, 설현
1656, 이은우
1657, 남도형
1658, 쉐인 하퍼
1659, 나문희
1660, 베니시오 델 토로
1661, 카케이 토시오
1662, 김민경
1663, 보라
1664, 케이트 허드슨
1665, 제이크 웨버
1666, 타티아나 마슬라니
1667, 채드윅 보스만
1668, 엘다르 바간
1669, 김보나
1670, 스티브 카렐
1671, 다나베 세이치
1672, 타티아나 빌헬모바
1673, 레이 피셔
1674, 셜리 맥클레인
1675, 박성영
1676, 김유정
1677, 조여정
1678, 최막이
1679, 이수혁
1680, 이다윗
1681, 마이클 J. 폭스
1682, 로버트 레드포드
1683, 김갑수
1684, 알렉산더 디퍼시아
1685, 아이카와 리카코
1686, 스티븐 토보로스키
1687, 소상경
1688, 한경화
1689, 김수미
1690, 아스트로
1691, 마이클 세라
1692, 문남숙
1693, 파일
1694, 모니카 벨루치
1695, 파브리스 루치니
1696, 김승우
1697, 산페이 유코
1698, 테레사 팔머
1699, 안은새
1700, 엠마 스톤
1701, 하비 케이틀
1702, 시마자키 노부나가
1703, 박영희
1704, 벤 멘델슨
1705, 피터 파시넬리
1706, 왕준개
1707, 가숙근
1708, 존 올리버
1709, 장병관
1710, 윌리암 모즐리
1711, 잭 에프론
1712, 구민선
1713, 양조위
1714, 에드 해리스
1715, 이경영
1716, 아비게일 브레스린
1717, 조경숙
1718, 엠제이 안소니
1719, 케이티 응우옌
1720, 오오하라 메구미
1721, 마야 루돌프
1722, 오크스 페글리
1723, 에밀리 왓슨
1724, 디에고 루나
1725, 크리스틴 우즈
1726, 이와이 유키코
1727, 추티몬 추엥차로엔수키잉
1728, 모리야마 미라이
1729, 장진
1730, 도미닉 파리
1731, 드니 라방
1732, 로렌조 라마스
1733, 정재헌
1734, 프랭크 란젤라
1735, 유호정
1736, 리타 시디퀴
1737, 로빈 맥레비
1738, 수잔 듀어든
1739, J.K. 시몬스
1740, 유수호
1741, 오노 유우키
1742, 타이 쉐리던
1743, 김민진
1744, 나미카와 다이스케
1745, 레슬리 만
1746, 자레드 레토
1747, 이태임
1748, 브래들리 쿠퍼
1749, 스가 켄타
1750, 타네자키 아츠미
1751, 헤일리 오랜티아
1752, 미야노 마모루
1753, 알렉산드르 골로빈
1754, 이태란
1755, 하정우
1756, 잭 오코넬
1757, 캐리스 밴 허슨
1758, 페이 더너웨이
1759, 임지호
1760, 이시아
1761, 자비에 돌란
1762, 최승훈
1763, 모니카 드레인
1764, 전진아
1765, 스티븐 딜레인
1766, 권소현
1767, 허버트 크노프
1768, 제이미 도넌
1769, 라스무스 하디커
1770, 크리스찬 베일
1771, 이오인 맥큰
1772, 밀라 요보비치
1773, 김영애
1774, 준호
1775, 유재상
1776, 김연아
1777, 이요섭
1778, 이원찬
1779, 김나니
1780, 데이비드 호워드
1781, 유오성
1782, 정재일
1783, 유창복
1784, 나가야 카즈아키
1785, 안서현
1786, 존 굿맨
1787, 메리 루이스 파커
1788, 조지 클루니
1789, 아야세 하루카
1790, 루카스 헤지스
1791, 김명준
1792, 서니 설직
1793, 안톤 옐친
1794, 시스틴 로즈 스탤론
1795, 조엘 에저튼
1796, 김한나
1797, 윤박
1798, 헨리
1799, 살바토레 카스치오
1800, 김두선
1801, 이디스 하겐루드 산드
1802, 커트 러셀
1803, 계관림
1804, 제임스 카비젤
1805, 김성철
1806, 릴리 콜린스
1807, 서은아
1808, 카야 스코델라리오
1809, 제이크 존슨
1810, 데미 로바토
1811, 이민지
1812, 미켈 폴스라르
1813, 케브 아담스
1814, 제이콥 트렘블레이
1815, 박재훈
1816, 하마츠 타카유키
1817, 루크 그림즈
1818, 마이 브리트 앤더슨
1819, 루니 마라
1820, 후쿠하라 하루카
1821, 밀라 쿠니스
1822, 김혜자
1823, 카일리 로저스
1824, 엔도 아야
1825, 리암 니슨
1826, 민승우
1827, 정경호
1828, 제라르 드빠르디유
1829, 노아 자베드라
1830, 구잘 투르수노바
1831, 강예원
1832, 조정석
1833, 폴 홈즈
1834, 제니 슬레이트
1835, 베티나 스턱키
1836, 폴라 맬콤슨
1837, 황광희
1838, 더그 존스
1839, 모리카와 아오이
1840, 베로니카 페레스
1841, 크리스티안 울멘
1842, 크리스 프랫
1843, 해리 스타일스
1844, 데니스 퀘이드
1845, 토다 케이코
1846, 알리시아 비칸데르
1847, 강계열
1848, 소녀시대
1849, 이우라 아라타
1850, 박소라
1851, 클랜시 브라운
1852, 프란시스 오코너
1853, 주노 템플
1854, 조 우드콕
1855, 김새해
1856, 다니엘 브륄
1857, 에즈라 밀러
1858, 샤이아 라보프
1859, 이주실
1860, 히라노 아야
1861, 페드로 파스칼
1862, 야마데라 코이치
1863, 데릭 제이코비
1864, 라이스 웨이크필드
1865, 세키 토모카즈
1866, 손상연
1867, 스테파냐 카시니
1868, 쉬잔느 클레먼트
1869, 전지현
1870, 여민정
1871, 키티 코코넨
1872, 엠마 로버츠
1873, 이승기
1874, 강민준
1875, 더글러스 부스
1876, 헤르만 사바도
1877, 캐서린 프레스콧
1878, 스기타 토모카즈
1879, 조덕희
1880, 찰리 헌냄
1881, 이서진
1882, 조안
1883, 미키 타카하시
1884, 타카츠키 카나코
1885, 토마스 생스터
1886, 제임스 코스모
1887, 사라 보웰
1888, 신은수
1889, 안원정
1890, 전승화
1891, 칼릴 해리스
1892, 프랑소아 다미앙
1893, 태런 에저튼
1894, 게리 메이틀랜드
1895, 샤키라
1896, 잔 조세프 리퍼스
1897, 로라 프레폰
1898, 이현욱
1899, 에리카 마로잔
1900, 한 메구미
1901, 시얼샤 로넌
1902, 폴 다노
1903, 나카야마 미호
1904, 타니야마 키쇼
1905, 젠 맥앨리스터
1906, 권상우
1907, 케빈 코스트너
1908, 왕지혜
1909, 윌 스미스
1910, 알렉스 R. 히버트
1911,전지현
1912, 칼리 포프
1913, 코야스 타케히토
1914, 김영미
1915, 김영광
1916, 타부
1917, 주드 로
1918, 박성웅
1919, 경첨
1920, 티아 마이피
1921, 영운
1922, 아르노 비야르
1923, 스펜서 로크
1924, 우치다 카라
1925, 조나 힐
1926, 최성은
1927, 돌리 웰스
1928, 송운화
1929, 케이트 마라
1930, 나카지마 토모코
1931, 타카나시 켄고
1932, 라미란
1933, 나가사와 마사미
1934, 엔조 라티토
1935, 이시하라 카오리
1936, 클락 그레그
1937, 알렉산드라 마리아 라라
1938, 권문정
1939, 존 하슬러
1940, 마츠모토 리카
1941, 조 스완버그
1942, 박효신
1943, 티라돈 수파펀핀요
1944, 시모다 아사미
1945, 토타니 키미토
1946, 안드레아 라이즈보로
1947, 김선혜
1948, 케이트 베킨세일
1949, 빌 머레이
1950, 피에르 니네이
1951, 이제훈
1952, 사쿠마 레이
1953, 김혜원
1954, 김다미
1955, 다니엘 제롤
1956, 케빈 코리건
1957, 이미자
1958, 차지연
1959, 애덤 브로디
1960, 조태환
1961, 고츠 오토
1962, 마이클 C. 홀
1963, 헤일리 루 리차드슨
1964, 박신희
1965, 니콜라이 코스터 왈도
1966, 백서빈
1967, 릭 윤
1968, 셀레나 고메즈
1969, 이태리
1970, 힐러리 더프
1971, 이봄
1972, 조성하
1973, 김의성
1974, 안나 르마르샹
1975, 루시 보인턴
1976, 디몬 하운수
1977, 스즈키 료헤이
1978, 아멜리아 모크
1979, 캘런 맥오리피
1980, 크리스티나 휴즈
1981, 잭 로던
1982, 고서희
1983, 조지스 게레
1984, 교시우
1985, 전종서
1986, 태성
1987, 로빈 앳킨 다운즈
1988, 누리아 트리폴
1989, 샤를리즈 테론
1990, 박정욱
1991, 우상전
1992, 브렌단 글리슨
1993, 제프리 라이트
1994, 오승훈
1995, 최진호
1996, 마이클 더글라스
1997, 이명희
1998, 장유
1999, 미셸 로드리게즈
2000, 윤제문
2001, 서영화
2002, 마리아 칼라스
2003, 에밀 허쉬
2004, 김지혜
2005, 김동욱
2006, 챈털 로비
2007, 박소영
2008, 에바 멘데스
2009, 쉬라토리 유리
2010, 우치다 아야
2011, 이학주
2012, 카일 맥라클란
2013, 마이클 쉰
2014, 치치 마린
2015, 이선
2016, 알렉스 페티퍼
2017, 손정아
2018, 키요하라 카야
2019, 미우라 하루마
2020, 김성오
2021, 문유정
2022, 홍석
2023, 카리 히타라티
2024, 요시자와 타이요
2025, 제임스 폴크너
2026, 마이클 키튼
2027, 버트 컬버
2028, 마크 이바니어
2029, 타이 심킨스
2030, 팔두트 샤르마
2031, 임형국
2032, 정애연
2033, CCH 파운더
2034, 홀리 헌터
2035, 김사라
2036, 존 리스고
2037, 크리스핀 글로버
2038, 슝다이린
2039, 오태경
2040, 조이 카멘
2041, 변영희
2042, 조지나 헤이그
2043, 크리스틴 스콧 토마스
2044, 정가람
2045, 트린 디어홈
2046, 김진홍
2047, 마리나 포이스
2048, 쿠마 켄고
2049, 히라 미키지로
2050, 켈리 마리 트란
2051, 아누쉬카 샤르마
2052, 다이안 레인
2053, 제이미 캠벨 바우어
2054, 타테이시 하루카
2055, 소영강
2056, 박민하
2057, 에두아르도 루이스
2058, 고형원
2059, 랜디 커투어
2060, 장은숙
2061, 전현무
2062, 존 터투로
2063, 엘리자베스 올린
2064, 메리 스틴버겐
2065, 멜라니 그리피스
2066, 테라사키 유카
2067, 엘라 발슈테트
2068, 원진아
2069, 톰 맥그라스
2070, 이엘
2071, 심희섭
2072, 이진욱
2073, 파벨 데레비앙코
2074, 톰 테일러
2075, 헤더 소서맨
2076, 우에다 카나
2077, 김향기
2078,한석규
2079, 공유
2080, 릴라 케이
2081, 맥켄지 포이
2082, 이희준
2083, 케리 러셀
2084, 최한
2085, 카일 갈너
2086, 슈가
2087, 엑셀 프랄
2088, 코바야시 카오루
2089, 빌리 크리스탈
2090, J. B. 스무브
2091, 김호정
2092, 로라 하드독
2093, 사라 라이트
2094, 카렌 길런
2095, 이윤혁
2096, 예지원
2097, 박지현
2098, 데이비드 코터
2099, 조예은
2100, 존 레논
2101, 뷔
2102, 로버트 네퍼
2103, 제이 바루첼
2104, 리지 캐플란
2105, 이자벨라 미코
2106, 오연서
2107, 정진영
2108, 페네로피 밀포드
2109, 비니 펜나
2110, 케빈 제임스
2111, 도미닉 웨스트
2112, 엄기준
2113, 사이토 슈카
2114, 이하늬
2115, 요코하마 류세이
2116, 한채언
2117, 나탈리 베이
2118, 토비 켑벨
2119, 캐서린 제타-존스
2120, 배리 케오간
2121, 매튜 브로데릭
2122, 김정자
2123, 파이퍼 브라운
2124, 월튼 고긴스
2125, 자스민 리긴스
2126, 엘든 이렌리치
2127, 조나스 호프 오프테브로
2128, 타샤 튜더
2129, 표영재
2130, 박주광
2131, 나나
2132, 페토 메나헴
2133, 조셉 고든 레빗
2134, 이디나 멘젤
2135, 제인 엡펜슨
2136, 김장겸
2137, 메이건 파크
2138, 김율
2139, 코바야시 아이카
2140, 제레미 슈어레즈
2141, 존 크래신스키
2142, 앤드류 케이어
2143, 메이지 윌리암스
2144, 필라르 로페스 데 아얄라
2145, 패트리샤 히튼
2146, 윌리암 피츠너
2147, 가브리엘라 와일드
2148, 패트릭 스튜어트
2149, 데이빗 스트래던
2150, 마핫 M. 알리
2151, 로빈 웨이거트
2152, 클라에스 방
2153, 에이미 슈머
2154, 카미시라이시 모네
2155, 로건 레먼
2156, 샐리 호킨스
2157, 니콜라스 케이지
2158, 마리 블로쿠스
2159, 알지 스미스
2160, 매디 지글러
2161, 마르쿠스 리가르드
2162, 오오사카 료타
2163, 라이언 레이놀즈
2164, 한으뜸
2165, 진선규
2166, 판빙빙
2167, 헤일리 앳웰
2168, 이성열
2169, 쿠마이 모토코
2170, 제임스 플린
2171, 렌
2172, 송준석
2173, 나카죠 아야미
2174, 장혜진
2175, SM ROOKIES
2176, 김주현
2177, 박해진
2178, 히라마키 진
2179, 빌리 크루덥
2180, 토머스 보 라센
2181, 채수빈
2182, 강명자
2183, 양정원
2184, 알렉상드르 아스티에
2185, 대니 글로버
2186, 임수정
2187, 이노우에 마리나
2188, 채드 모건
2189, 조나단 프라이스
2190, 제프 골드브럼
2191, 아야노 고
2192, 이종인
2193, 김창완
2194, 박형범
2195, 에디 레드메인
2196, 조수향
2197, 박주희
2198, 조용주
2199, 다코타 패닝
2200, 하지원
2201, 신주환
2202, 이완 브렘너
2203, 류타오
2204, 김정은
2205, 루크 에반스
2206, 노무현
2207, 크리스토퍼 로이드
2208, 미나세 이노리
2209, 크리스티나 톤테리 영
2210, 앤 도벌
2211, 최광일
2212, 릴리 제임스
2213, 김소현
2214, 매들린 캐롤
2215, 케빈 베이컨
2216, 송채환
2217, 구자형
2218, 필립 글래스
2219, 제시 아이젠버그
2220, 신온유
2221, 로브 로우
2222, 브래드리 휘트포드
2223, 윤계상
2224, 셜리 헨더슨
2225, 조진웅
2226, 손종환
2227, 박용우
2228, 데보라 카
2229, 쿠리시마 스미코
2230, 마이클 스털버그
2231, 유청운
2232, 남상일
2233, 샬롯 르 본
2234, 트래반트 로즈
2235, 이승준
2236, 크리스틴 위그
2237, 홍범기
2238, 제시 빌드너
2239, 앤디 서키스
2240, 데이빗 벨
2241, 미키 데자키
2242, 콘스탄틴 카벤스키
2243, 제인 카
2244, 기영도
2245, 클로이 모레츠
2246, 레이디 가가
2247, 정재영
2248, 도널 글리슨
2249, 정소민
2250, 김명민
2251, 마이린 로비치
2252, 미야무라 유코
2253, 사라 제시카 파커
2254, 임주환
2255, 다윈 쇼
2256, 마틴 쉰
2257, 레인 윌슨
2258, 에이미 세다리스
2259, 박누가
2260, 이완 맥그리거
2261, 송일국
2262, 스티븐 마커스
2263, 로렌 딜런
2264, 에쉬튼 샌더스
2265, 세바스티안 시삭
2266, 카롤리나 비드라
2267, 유인나
2268, 짐 브로드벤트
2269, 시다 미라이
2270, 채정안
2271, 랜디 웨인
2272, 샤론 스톤
2273, 호아킨 피닉스
2274, 파블로 쉬레이버
2275, 이본느 스트라호브스키
2276, 아콰피나
2277, 전수현
2278, 조셉 비제이
2279, T.O.P
2280, 최민재
2281, 줄리엣 루이스
2282, 마이클 케인
2283, 저스틴 서룩스
2284, 케네스 브래너
2285, 스콧 이스트우드
2286, 우디 해럴슨
2287, 이동욱
2288, 김예은
2289, 필리스 스미스
2290, 오달수
2291, 김소혜
2292, 정우
2293, 케이트 맥키넌
2294, 숀 로버츠
2295, 안도 마사노부
2296, 키스 스탠필드
2297, 제레미 레너
2298, 캐리 멀리건
2299, 지현우
2300, 통따웨이
2301, 바네사 허진스
2302, 오인실
2303, 코리 호킨스
2304, 쿠츠나 시오리
2305, 존 헨쇼
2306, 빌리 블레처
2307, 칼라 피터슨
2308, 장민혁
2309, 테리 첸
2310, 미란다 코스그로브
2311, 마크 월버그
2312, 찰스 그로딘
2313, 벤 반스
2314, 앤디 샘버그
2315, 이정현
2316, 키리타니 미레이
2317, 택연
2318, 마누엘 가르시아 룰포
2319, 릭 스프링필드
2320, 유덕화
2321, 바바 료마
2322, 이상엽
2323, 닛타 에미
2324, 피트 도허티
2325, 니고 마야코
2326, 황정민
2327, 콜린 파렐
2328, 폴린 에티엔
2329, 리아오 판
2330, 칼리 헤르난데스
2331, 레지 와츠
2332, 이리노 미유
2333, 매즈 미켈슨
2334, 카라타 에리카
2335, 오노 켄쇼
2336, 피터 유스티노프
2337, 오견
2338, 레이 파크
2339, 조디 포스터
2340, 제이든 마텔
2341, 김지원
2342, 박영남
2343, 리브 슈라이버
2344, 코토부키 미나코
2345, 최원형
2346, 키어 길크리스
2347, 이와 위클란더
2348, 토퍼 그레이스
2349, 아가타 쿠레샤
2350, 루크 고스
2351, 산드라 블록
2352, 위하준
2353, 온주완
2354, 론 펄먼
2355, 이민우
2356, 마이클 제겐
2357, 조쉬 스튜어트
2358, 아론 에크하트
2359, 김경희
2360, 코니 닐슨
2361, 한혜진
2362, 모니아 초크리
2363, 한석원
2364, 벤 킹슬리
2365, 정은찬
2366, 인피니트
2367, 가브리엘 루나
2368, 아론 재커리 필립스
2369, 유이화
2370, 박영규
2371, 조쉬 키튼
2372, 진정
2373, 애덤 리바인
2374, 최유화
2375, 홍시호
2376, 에밀리 라타이코프스키
2377, 데이커 몽고메리
2378, 코오로기 사토미
2379, 박희본
2380, 배두나
2381, 제임스 코든
2382, 야마자키 와카나
2383, 사이몬 헬버그
2384, 메간 폭스
2385, 애덤 레이너
2386, 히다카 노리코
2387, 킨죠 야마토
2388, 모리쿠보 쇼타로
2389, 미키 루니
2390, 스테이시 마틴
2391, 크리스 헴스워스
2392, 노에미 르보브스키
2393, 조한철
2394, 카를 크리스티안 룬드만
2395, 앨리 리버트
2396, 류덕환
2397, 진이한
2398, 블레이크 라이블리
2399, 조쉬 딜란
2400, 핀 화이트헤드
2401, 세키 토시히코
2402, 하운위
2403, 한효주
2404, 박효주
2405, 윤승희
2406, 야마다 유키
2407, 권해효
2408, 카린 비아르
2409, 제이홉
2410, 아담 램버트
2411, 타마시로 티나
2412, 문정희
2413, 케빈 스페이시
2414, 임경신
2415, 견자단
2416, 성 강
2417, 쿠바 구딩 쥬니어
2418, 조운
2419, 피터 퍼스
2420, 박준금
2421, 록산느 맥키
2422, 셀리아 아임리
2423, 길해연
2424, 카르멘 에조고
2425, 줄리아 로버츠
2426, 라일라 베르진
2427, 리차드 E. 그랜트
2428, 이호재
2429, 박신양
2430, 스탠 워커
2431, 현경수
2432, 제인 폰다
2433, 플로리안 데이비드 핏츠
2434, 린제이 던칸
2435, 라파엘 아고귀에
2436, 캐서린 워터스턴
2437, 크리스타 테렛
2438, 케이티 크라운
2439, 홍은희
2440, 냇 울프
2441, 일리야 크보스티코브
2442, 안토니아 토마스
2443, 샤룩 칸
2444, 에바 그린
2445, 류승곤
2446, 닉 오퍼맨
2447, 고대영
2448, 투레 린드하르트
2449, 백도빈
2450, 스콧 애짓
2451, 유다인
2452, 지민
2453, 발렌틴 가프트
2454, 로치오 레옹
2455, 니콜 셰르징거
2456, 하라 사유리
2457, 제임스 맥어보이
2458, 휘트니 휴스턴
2459, 이상범
2460, 김원해
2461, 유부원
2462, 김보영
2463, 토머스 미들디치
2464, 니브 캠벨
2465, 박혁권
2466, 게리 올드만
2467, 하야미 사오리
2468, 마일즈 텔러
2469, 테일러 로트너
2470, 사이토 소우마
2471, 조슈아 J. 발라드
2472, 오마르 차파로
2473, 제시 버클리
2474, 류점희
2475, 마리오 카사스
2476, 박충선
2477, 리코 로드리게스
2478, 곽설부
2479, 줄리엣 곰버트
2480, 김성근
2481, 오지호
2482, 사미르 구에스미
2483, 김상경
2484, 마이클 무어
2485, 크리스틴 벨
2486, 클리프 커티스
2487, 앵거리 라이스
2488, 카카즈 유미
2489, 야마모토 미즈키
2490, 박희정
2491, 나탈리아 루다코바
2492, 제이슨 서디키스
2493, 최낙윤
2494, 알렉산더 굴드
2495, 제시카 비엘
2496, 허위주
2497, 알란 커밍
2498, 오오하시 아야카
2499, 오웬 윌슨
2500, 홍정수
2501, 다니엘 래드클리프
2502, 이시다 아키라
2503, 김유림
2504, 스눕 독
2505, 루카 치코바니
2506, 알레산드로 티베리
2507, 김슬기
2508, 세르게이 폴루닌
2509, 줄리 보웬
2510, 황도원
2511, 키키 키린
2512, 나탈리아 로스미나티
2513, 니콜라이 킨스키
2514, K.J. 아파
2515, 제임스 프랭코
2516, 페가 페리도니
2517, 박정민
2518, 니케타 캘레임
2519, 주지훈
2520, 제시카 알바
2521, 장석준
2522, 이지원
2523, 산야 말호트라
2524, 니콜라스 파렐
2525, 벤자민 워커
2526, 프란시스 맥도맨드
2527, 하승엽
2528, 서연주
2529, 조성목
2530, 핀 위트록
2531, 이노우에 카즈히코
2532, 제이미 리 커티스
2533, 앤드류 가필드
2534, 마리아나 스피바크
2535, 가슈인 타츠야
2536, 계륜미
2537, 김무늬
2538, 장 도르메송
2539, 유우키 아오이
2540, 최희서
2541, 아오이 유우
2542, 정려원
2543, 홍은택
2544, 테라시마 쥰타
2545, 허먼 빙
2546, 아오야기 쇼
2547, 코린 네멕
2548, 옥타비아 스펜서
2549, 이와미 마나카
2550, 짐 개피건
2551, 은영선
2552, 코유 랜킨
2553, 박상욱
2554, 마크 듀플라스
2555, 자흐 갈리피아나키스
2556, 헉 밀너
2557, 마틴 헨더슨
2558, 알렉산드라 로치
2559, 이홍기
2560, 애슐리 티스데일
2561, 맥스 레나우딘
2562, 프란세스 드 라 투어
2563, 쿠로사와 토모요
2564, 남주혁
2565, 이재열
2566, 전미선
2567, 홍후백
2568, 전혜진
2569, 이남규
2570, 사카모토 치카
2571, 김도영
2572, 유혜정
2573, 50 센트
2574, 김원명
2575, 코니 브리튼
2576, 알마 포이스티
2577, 크레이그 퍼거슨
2578, 마이클 패스벤더
2579, 호세 가르시아
2580, 매켄지 포이
2581, 저스티스 스미스
2582, 캐서린 제타 존스
2583, 나이젤 하버스
2584, 시우민
2585, 이초희
2586, 루이스 블랙
2587, 벤 스몰
2588, 야스노 키요노
2589, 진의함
2590, 소이현
2591, 샘 클라플린
2592, 로빈 윌리엄스
2593, 아니카 베데르코프
2594, 오가타 메구미
2595, 안소니 홉킨스
2596, 페오도르 아킨
2597, 이병헌
2598, 라디나 드란도바
2599, 미카엘 윤
2600, 파울라 베사라
2601, 존 보이트
2602, 휴 스키너
2603, 마틴 센스마이어
2604, 와타나베 마리나
2605, 오희준
2606, 칼리 레이 젭슨
2607, 가이아 와이즈
2608, 조 판토리아노
2609, 제니퍼 로페즈
2610, 이스라엘 브로우사드
2611, 김고은
2612, 김승태
2613, 제이슨 영
2614, 서반석
2615, 다니엘 데이 루이스
2616, 안나 데 라 레구에라
2617, 브릿 쇼
2618, 아네트 베닝
2619, 마이클 페나
2620, 심은하
2621, 박원상
2622, 안젤라베이비
2623, 로망 뒤리스
2624, 하비에르 바르뎀
2625, 아만다 사이프리드
2626, 주아름
2627, 마그 헬젠버거
2628, 짐 스터게스
2629, 앤쥴 리 딕슨
2630, 존 시나
2631, 마리안느 세이지브레트
2632, 하야시바라 메구미
2633, 아트 파킨슨
2634, 존 허트
2635, 조니 녹스빌
2636, 마야 패리쉬
2637, 최강희
2638, 최귀화
2639, 라이언 슈즈
2640, 고원희
2641, 안나 페리스
2642, 앤드류 센세닉
2643, 다카하타 이사오
2644, 조시 스튜어트
2645, 이시카와 카이토
2646, 이성민
2647, 주진우
2648, 정가영
2649, 매기 질렌할
2650, 알마라 파울
2651, 노아 스납
2652, 미셸 모나한
2653, 장 르노
2654, 강동원
2655, 이문식
2656, 주석희
2657, 고성일
2658, 패트릭 뎀시
2659, 노자와 마사코
2660, 라디카 압테
2661, 니키타 오진스키
2662, 안내상
2663, 애슐리 소머즈
2664, 곽도원
2665, 장첸
2666, 타카하시 치아키
2667, 케이티 색코프
2668, 벤 크로스
2669, 크리스틴 스튜어트
2670, 브루노 비치어
2671, 크레이그 T. 넬슨
2672, 신순애
2673, 가렛 헤드룬드
2674, 알랭 샤바
2675, 탁원정
2676, 멜리사 맥카시
2677, 변종필
2678, 김시아
2679, 체비 체이스
2680, 이선균
2681, 데보라 프랑소와
2682, 마리아 카스트로
2683, 정혜옥
2684, 아가타 트르제부초우스카
2685, 앤 콘시니
2686, 후카츠 에리
2687, 루시 펀치
2688, 박성훈
2689, 강봉성
2690, 김환희
2691, 제프리 탬버
2692, 로버트 캐러딘
2693, 아이다 리카코
2694, 톰 홀랜드
2695, 에드 스크레인
2696, 제프리 딘 모건
2697, 이재인
2698, 설지윤
2699, 박월선
2700, 민지현
2701, 제임스 앨런 맥퀸
2702, 유즈키 료카
2703, 윌렘 대포
2704, 앤디 바클레이
2705, 사이토 슈스케
2706, 사쿠라 아야네
2707, 김종술
2708, 주디 덴치
2709, 수잔 클레망
2710, 야마지 카즈히로
2711, 안톤 팜부쉬니
2712, 허준호
2713, 빌 풀만
2714, 톰 베이트먼
2715, 오다 에리카
2716, 크리스토프 왈츠
2717, 샤이니
2718, 케리 워싱턴
2719, 구교환
2720, 조쉬 위긴스
2721, 토니 헤일
2722, 마크 해밀
2723, 틸 슈바이거
2724, 조니 뎁
2725, 이제인
2726, 현빈
2727, 애나벨 월리스
2728, 줄리엣 비노쉬
2729, 이안 제임스 코렛
2730, 아론 폴
2731, 루시 리우
2732, 알렉 볼드윈
2733, 최태준
2734, 신송이
2735, 루카스 제이드 주만
2736, 윤소이
2737, 브라이스 달라스 하워드
2738, 카와스미 아야코
2739, 짐 캐리
2740, 젬마 무어
2741, 우도환
2742, 브루스 그린우드
2743, 안세하
2744, 헤라 힐마
2745, 이유영
2746, 크리스 J. 머레이
2747, 키타 카나
2748, 돌프 룬드그렌
2749, 산드라 엘리스 라퍼티
2750, 아키야마 유즈키
2751, 미즈타 와사비
2752, 스티브 스털리
2753, 롭 슈나이더
2754, 케이제이 슈록
2755, 실로 페르난데즈
2756, 리 톰슨
2757, 케이트 업톤
2758, 이승욱
2759, 루이 가렐
2760, 윌리암 새들러
2761, 장 끌로드 반담
2762, 제프 다니엘스
2763, 교삼
2764, 톰 글린 카니
2765, 이케다 슈이치
2766, 도날드 서덜랜드
2767, 알렉산드르 렌코브
2768, 신용우
2769, 오쿠다 타츠히토
2770, 김윤혜
2771, 김신우
2772, 리아 보이슨
2773, 강은비
2774, 토다 에리카
2775, 사토 타케루
2776, 아예렛 주러
2777, 안도규
2778, 홍수아
2779, 모건 프리먼
2780, 테사 톰슨
2781, 김효진
2782, 올리비아 와일드
2783, 윤복성
2784, 세바스찬 스탠
2785, 김민준
2786, 제임스 홍
2787, 김영학
2788, 크리스 오다우드
2789, 올랜도 블룸
2790, 전수경
2791, 가브리엘 와인스타인
2792, 소메타니 쇼타
2793, 에반젤린 릴리
2794, 알렉산드르 시엠체브
2795, 장-루이 트린티냥
2796, 멜 깁슨
2797, 자인 알 라피아
2798, 카미키 류노스케
2799, 강은애
2800, 헨리 폰다
2801, 카토 에미리
2802, 아미 카레로
2803, 갤 가돗
2804, 님랏 카우르
2805, 벤자민 브랫
2806, 엠마 톰슨
2807, 장철영
2808, 잭 맥고원
2809, RJ 사일러
2810, 리슬 알러스
2811, 송승헌
2812, 정영웅
2813, 이고은
2814, 다이고 코타로
2815, 조엘리 리차드슨
2816, 오오시마 유코
2817, 키아누 리브스
2818, 조 맨가니엘로
2819, 나이토 타카시
2820, 김정아
2821, 장영남
2822, 서인국
2823, 맷 데이먼
2824, 히노 사토시
2825, 이세야 유스케
2826, 돈 존슨
2827, 탕웨이
2828, 알렉산드라 다드다리오
2829, 에릭 토스티
2830, 나탈리아 레이즈
2831, 더모트 멀로니
2832, 루이스 호프만
2833, 앨버트 브룩스
2834, 사이몬 필립스
2835, 오뢰
2836, 세레나 그랜디
2837, 카를로스 블랑코
2838, 리차드 기어
2839, 류준열
2840, 이명박
2841, 휴 잭맨
2842, 게리 루이스
2843, 강하늘
2844, 브느와 마지멜
2845, 한수아
2846, 니노 카스텔누오보
2847, 빈센트 로티어스
2848, 니키 바칼리
2849, 최하나
2850, 존 말코비치
2851, 알렉스 로
2852, 정인기
2853, 베르너 헤어조크
2854, 에밀리 브라우닝
2855, 유동근
2856, 폴 지아마티
2857, 엄태웅
2858, 아담 드라이버
2859, 루이스 서키스
2860, 이총각
2861, 김영철
2862, 김정훈
2863, 레니 크라비츠
2864, 스티브 쿠건
2865, 나카가와 타이시
2866, 마크 라이런스
2867, 리오 겐
2868, 안재홍
2869, 코트랜드 미드
2870, 바이쇼 치에코
2871, 손나은
2872, 소주연
2873, 로리 홀든
2874, 난죠 요시노
2875, 코너 코롬
2876, 박학기
2877, 커먼
2878, 정은지
2879, 타카츠키 사라
2880, 토마츠 하루카
2881, 안셀 엘고트
2882, 제롬 플린
2883, 임백굉
2884, 톈위
2885, 장다운
2886, 벤 프라이스
2887, 샘 닐
2888, 로사 살라자르
2889, 다니엘 비서티
2890, 타이사 파미가
2891, 나가세 마사토시
2892, 레드벨벳
2893, 아멜리아 비테일
2894, 크리스틴 돈런
2895, 그레이스 검머
2896, 이호산
2897, 오스틴 펜들튼
2898, 진 핵크만
2899,이경영
2900, 로버트 네이러
2901, 히라타 히로아키
2902, 이성재
2903, 데비드 스트리에소브
2904, 로라 치아티
2905, 알란 터딕
2906, 임자걸
2907, 지오바니 리비시
2908, 시원
2909, 이장원
2910, 폴라 패튼
2911, 앨리슨 윌리암스
2912, 김태균
2913, 로베르토 베니니
2914, 해리 로이드
2915, 스튜어트 캠벨
2916, 미나미 오미
2917, 하라 유미
2918, 아르멘 드지가르크하니안
2919, 이요원
2920, 제임스 얼 존스
2921, 아담 샌들러
2922, 호소야 요시마사
2923, 카야노 아이
2924, 김지호
2925, 시모노 히로
2926, 정우식
2927, 루안 에머라
2928, 최다니엘
2929, 멜라니 로랑
2930, 마츠오카 요시츠구
2931, 테라지마 스스무
2932, 강한나
2933, 베네딕트 컴버배치
2934, 오스카 아이삭
2935, 노판 찬타라손
2936, 우에노 주리
2937, 김영재
2938, 아스미 카나
2939, 김우빈
2940, 오현경
2941, 이인석
2942, 이노우에 마사히로
2943, 이종수
2944, 마리 아브게로폴로스
2945, 플로렌스 퓨
2946, 페니 밸포어
2947, 차태현
2948, 최우식
2949, 고마츠 나나
2950, 레이첼 하우스
2951, 브리트니 포웰
2952, 매기 그레이스
2953, 김남길
2954, 송영창
2955, 이현학
2956, AJ 보웬
2957, 미카엘 페르스브란트
2958, 치바 시게키
2959, 제이슨 밋첼
2960, 이시카와 유이
2961, 테무에라 모리슨
2962, 잭 킬버그
2963, 이토 아오이
2964, 엄정화
2965, 장세아
2966, 엠마 테이트
2967, 멜비 푸포
2968, 마이크 타이슨
2969, 제시카 브라운 핀들레이
2970, 카이 스트로인크
2971, 박선영
2972, 팀 블레이크 넬슨
2973, 시리 바룩
2974, 임원희
2975, 패트릭 스웨이지
2976, 그웬돌린 크리스티
2977, 김뢰하
2978, 미셸 제너
2979, 테라지마 시노부
2980, 하시즈메 이사오
2981, 마츠모토 가쿠
2982, 홍종현
2983, 진지희
2984, 재지 비츠
2985, 크리스토퍼 파파칼리아티스
2986, 조한선
2987, 지나 로드리게즈
2988, 안탁령
2989, 멜리사 레오
2990, 나카무라 유코
2991, 조나단 실버맨
2992, 루퍼트 그린트
2993, 문가영
2994, 김성령
2995, 매들린 해리스
2996, 캐서린 랭포드
2997, 최무성
2998, 캐롤라인 워드
2999, 유동균
3000, 그레타 거윅
3001, 케빈 클라인
3002, 로버트 진티
3003, 다비카 후네
3004, 엘라 퍼넬
3005, 고창석
3006, 류이치 사카모토
3007, 코바야시 사나에
3008, 윤미나
3009, 오카무라 아케미
3010, 사무엘 조슬린
3011, 올가 쿠릴렌코
3012, 하동훈
3013, 윤진서
3014, 심성민
3015, 브라이언 타이리 헨리
3016, 조아킴 크롤
3017, 박근형
3018, 오연수
3019, 서원석
3020, 야쿠쇼 코지
3021, 크리스토퍼 요너
3022, 김소진
3023, 귈림 리
3024, 김소희
3025, 김태용
3026, 송혜교
3027, 이현
3028, 안드레이 메르즈리킨
3029, 문소리
3030, 샤메익 무어
3031, 린-마누엘 미란다
3032, 이토 시즈카
3033, 이인성
3034, 밥
3035, 매디슨 아이스먼
3036, 세토 코지
3037, 은정
3038, 탈리타 베이트먼
3039, 키퍼 서덜랜드
3040, 스즈키 아이나
3041, 데이브 존스
3042, 매튜 그레이 구블러
3043, 존 C. 라일리
3044, 문채원
3045, 시모지 시노
3046, 강지섭
3047, 오카다 토키히코
3048, 산제이 더트
3049, 페리다 월시-필로
3050, 프랑소와 모렐
3051, 딕 반 다이크
3052, 장혜문
3053, 마이클 섀넌
3054, 소냐 살로마
3055, 마츠오카 마유
3056, 주디 데이비스
3057, 이정구
3058, 박영화
3059, 시바사키 코우
3060, 이상윤
3061, 세스 그린
3062, 엠버 허드
3063, 알렉산드라 라미
3064, 자넷 헨프리
3065, 이원근
3066, 에이미 라이언
3067, 김무열
3068, 케이시 애플렉
3069, 실비아 획스
3070, 지성
3071, 동방신기
3072, 장현성
3073, 최준영
3074, 빌리 디 윌리엄스
3075, 유리
3076, 에밀리아 클라크
3077, 니시모토 리미
3078, 윌리엄 잭슨 하퍼
3079, 엄지원
3080, 마동석
3081, 송중기
3082, 신세경
3083, 에릭 바나
3084, 노지마 켄지
3085, 타베 미카코
3086, 캐시디 프리먼
3087, 테이텀 오닐
3088, 황추생
3089, 베키 지
3090, 강문
3091, 유해진
3092, 브랜든 T. 잭슨
3093, 김혜수
3094, 모세 제이콥 스톰
3095, 웨슬리 스나입스
3096, 아누팜 커
3097, 조금맥
3098, 리처드 아미티지
3099, 크리스티나 애플게이트
3100, 김현지
3101, 마리아 데 메데이로스
3102, 오만석
3103, 나카이 카즈야
3104, 잭 맥브레이어
3105, 김하나
3106, 로스 마퀀드
3107, 루이스 구즈만
3108, 애슐리 벨
3109, 자넬 모네
3110, 문석범
3111, 안현서
3112, 임화영
3113, 타카스기 마히로
3114, 루 리드
3115, 피터 린츠
3116, 곽두조
3117, 지대한
3118, 레베카 홀
3119, 맥켄지 데이비스
3120, 스테파니 시그만
3121, 로버트 카버너
3122, 이나미 안쥬
3123, 정재우
3124, 마크 맥케나
3125, 우 오크센크네츠
3126, 수잔 서랜든
3127, 애너리즈 바쏘
3128, 김성규
3129, 박세진
3130, 카미야 히로시
3131, 온영삼
3132, 힐러리 스웽크
3133, 김준
3134, 오데야 러쉬
3135, 변요한
3136, 김금화
3137, 오인성
3138, 유준상
3139, 시노하라 료코
3140, 제니퍼 엘
3141, 칼라 구기노
3142, 안도 다다오
3143, 조재윤
3144, 최민식
3145, 존 캐럴 린치
3146, 양윤희
3147, 덴젤 워싱턴
3148, 칼럼 터너
3149, 오오이즈미 요
3150, 쿠벤자네 왈리스
3151, 리즈 아메드
3152, 데인 드한
3153, 톰 커트니
3154, 에두와르도 슐츠
3155, 장 뒤자르댕
3156, 이연걸
3157, 마루야마 아츠시
3158, 제이콥 라티모어
3159, 윤아영
3160, 이도 엔젤
3161, 임영석
3162, 가브리엘 베이트먼
3163, 안토니오 반데라스
3164, 존 카메론 미첼
3165, 변우석
3166, 김복동
3167, 존 보예가
3168, 윤종훈
3169, 안효민
3170, 사이토 치와
3171, 안성기
3172, 줄리안 무어
3173, 김태리
3174, 로버트 패틴슨
3175, 마르셀 브리지스
3176, 글렌 핸사드
3177, 메디 사둔
3178, 정준원
3179, 루비 반힐
3180, 로버트 포스터
3181, 매튜 리즈
3182, 아리엘 윈터
3183, 엘리자베스 데비키
3184, 주상욱
3185, 매디슨 울프
3186, 매튜 구드
3187, 빅터 슬레작
3188, 다니엘 크레이그
3189, 아론 크렙스
3190, 콜 스프로즈
3191, 스티븐 복서
3192, 베렌 로드리게즈
3193, 혜리
3194, 이시이 안나
3195, 오웬 바카로
3196, 체마 델 바르코
3197, 쿠기미야 리에
3198, 윤찬영
3199, 셀마 헤이엑
3200, 조디 몰라
3201, 카가와 테루유키
3202, 이세영
3203, 키쿠치 코코로
3204, 강성우
3205, 폴 러드
3206, 비 스크릿 위셋케우
3207, 오오츠카 아키오
3208, 마르게타 이글로바
3209, 이기홍
3210, 사무엘 L. 잭슨
3211, 브래들리 제임스
3212, 슈퍼주니어-m
3213, 안나 파킨
3214, 놀런 제라드 펑크
3215, 배성우
3216, 이현우
3217, 윤두준
3218, 켈시 그래머
3219, 안나 탈바히
3220, 아베 히로시
3221, 엠바이어 칠더스
3222, 안드레아 덱
3223, 스티브 스타놀리스
3224, 정인선
3225, 앨리시아 벨라 베일리
3226, 폴 베타니
3227, 마르코 레오나르디
3228, 키리야마 렌
3229, 줄리안 허프
3230, 어니스트 움하우어
3231, 임주현
3232, 박서준
3233, 이드리스 엘바
3234, AJ 버클리
3235, 롭 브라이든
3236, 왕경송
3237, 대니 분
3238, 나라하시 미키
3239, 프랑크 가스탐비드
3240, 칼리 쿠오코
3241, 박희순
3242, 조지 맥케이
3243, 실란 백스터
3244, 조쉬 펙
3245, 이관희
3246, 차예련
3247, 타도코로 아즈사
3248, 엘리자베스 리저
3249, 이연희
3250, 박철민
3251, 홍익표
3252, 요시네 쿄코
3253, 린다 카터
3254, 최다인
3255, 에디뜨 스꼽
3256, 성유빈
3257, 이순재
3258, 야마구치 캇페이
3259, 타케우치 준코
3260, 브라이스 게이사르
3261, 구지성
3262, 이기영
3263, 최지우
3264, 칼 어번
3265, 케빈 지거스
3266, 정은채
3267, 톰 윌킨슨
3268, 마이클 갬본
3269, 마리아 푸할테
3270, 카일리 미노그
3271, 스티븐 아멜
3272, Fiona Florence
3273, 데이브 프랭코
3274, 크리스티나 헨드릭스
3275, 엘피 도넬리
3276, 존 갤러거 주니어
3277, 빅키 크리엡스
3278, 이상철
3279, 김수현
3280, 제이슨 스타뎀
3281, 수시 울드
3282, 나탈리 샤프
3283, 마틴 프리먼
3284, 쿠리타 칸이치
3285, 존 파브로
3286, 라그니 그뢴블롬
3287, 스탠리 투치
3288, 조나단 테일러 토마스
3289, 이자벨 위페르
3290, 안젤라 리치오티
3291, 쿠보 유리카
3292, 맥스 데이어
3293, 니콜 프로보스트
3294, 배정미
3295, 존 번탈
3296, 마이키 볼트
3297, 제이슨 아이삭스
3298, 양방언
3299, 저메인 클레멘트
3300, 이광수
3301, 후쿠시 소우타
3302, 박소담
3303, 비
3304, 데이브 바티스타
3305, 치바 스스무
3306, 엘렌 페이지
3307, 김가빈
3308, 산자르 마디에브
3309, 오라 가리도
3310, 안소니 마키
3311, 맷 길버트
3312, 박고운
3313, 김진영
3314, 사카타 리카코
3315, C.G. 웬젤
3316, 비니 존스
3317, 이효제
3318, 팜 페리스
3319, 남규리
3320, 릴리 라인하트
3321, 스다 마사키
3322, 팀 커리
3323, RM
3324, 김태근
3325, 에이미 포엘러
3326, 유리 로웬탈
3327, 비올라 데이비스
3328, 저스틴 팀버레이크
3329, 다누쉬
3330, 이송
3331, 샬토 코플리
3332, 제시카 하퍼
3333, 배형규
3334, 브래드 피트
3335, 주진모
3336, 존 쿠삭
3337, 백진희
3338, 크리스 서랜던
3339, 누미 라파스
3340, 김채희
3341, 조 카잔
3342, 유가령
3343, 조셉 파인즈
3344, 헤일리 스콰이어
3345, 지미애
3346, 이리나 스타르셴바움
3347, 에드워드 노튼
3348, 유성간
3349, 애드리언 브로디
3350, 케이트 델 카스틸로
3351, 세스 로건
3352, 이지현
3353, 재커리 퀸토
3354, 데이비드 웬햄
3355, 미야마 카렌
3356, 곽지혜
3357, 토마스 헤이든 처치
3358, 타카토 야스히로
3359, 제이미 벨
3360, 코린 폭스
3361, 호야
3362, 루시 로리스
3363, 이유리
3364, 대악악
3365, 김하영
3366, 베라 파미가
3367, 타네다 리사
3368, 가스파르 울리엘
3369, 하윤경
3370, 벵상 링던
3371, 마이클 돕슨
3372, 피터 세라피노윅
3373, 박건우
3374, 제네시스 로드리게스
3375, 키어시 클레몬스
3376, 장기용
3377, 가이 피어스
3378, 파멜라 애들론
3379, 아우이 크라발호
3380, 알레산드라 마스트로나르디
3381, 찬성
3382, 조예신
3383, 코스모 자비스
3384, 레이크 벨
3385, 조 페시
3386, 스즈키 타츠히사
3387, 비비카 A. 폭스
3388, 신창열
3389, 베르나데트 라퐁
3390, 보아
3391, 톰 히들스턴
3392, 주디 켈름
3393, 로몰라 가레이
3394, 김희정
3395, 나카 리이사
3396, 제임스 아놀드 테일러
3397, 윤용식
3398, 플라비오 파렌티
3399, 에밀리 쿠쉐
3400, 키언 존슨
3401, 히라타 히로미
3402, 드류 베리모어
3403, 정지훈
3404, 조 크라비츠
3405, 테오 제임스
3406, 윤세웅
3407, 조이 도이치
3408, 스키트 울리치
3409, 조은지
3410, 숀 애스틴
3411, 난바 쇼헤이
3412, 정의한
3413, 톰 크루즈
3414, 마크 스트롱
3415, 릴리 프랭키
3416, 난디타 다스
3417, 유아
3418, 나팟 시앙솜분
3419, 에단 호크
3420, 귀욤 고익스
3421, 임성철
3422, 켄 정
3423, 임창정
3424, 클레어 포이
3425, 케이트 보스워스
3426, 마크 모라한
3427, 김지민
3428, 데이빗 하버
3429, 코디 스밋 맥피
3430, 사쿠라이 타카히로
3431, 알리시아 데브넘 캐리
3432, 송재림
3433, 제이 코트니
3434, 브루클린 프린스
3435, 제이크 질렌할
3436, 고토 사오리
3437, 방지원
3438, 마일즈 헤이저
3439, 딜란 스프로즈
3440, 엄채영
3441, 나오미 스콧
3442, 아이작 레이바
3443, 우에다 유지
3444, 잭 블랙
3445, 쿠니무라 준
3446, 한예리
3447, 문근영
3448, 피오 마르마이
3449, 박지일
3450, 야오 카즈키
3451, 랄프 파인즈
3452, 오브리 플라자
3453, 곽희성
3454, 나카오 마사키
3455, 김환진
3456, 트레이스 에드킨스
3457, 아그네스 브루크너
3458, 빌 팩스톤
3459, 스베리르 구드나손
3460, 이지아
3461, 조우진
3462, 김진수
3463, 김래원
3464, 이승행
3465, 헤더 린드
3466, 임지연
3467, 한동준
3468, 브리안느 쥬
3469, 츠마부키 사토시
3470, 데이빗 알루
3471, 박리나
3472, 엄상현
3473, 레이첼 와이즈
3474, 공명
3475, 미야케 켄타
3476, 프랭크 그릴로
3477, 애셔 앤젤
3478, 레아 케언스
3479, 최수인
3480, 나탈리 도머
3481, 최윤정
3482, 니노미야 케이타
3483, 엘리자베스 올슨
3484, 봉태규
3485, 홍상표
3486, 김혁
3487, 마미 검머
3488, 몽가혜
3489, 안소니 지아치노
3490, 유연석
3491, 이새봄
3492, 나애진
3493, 데이빗 스트라탄
3494, 제이든 스미스
3495, 안장혁
3496, 백윤식
3497, 켈리 클락슨
3498, 코미야 아리사
3499, 베일리 매디슨
3500, 레이첼 르페브르
3501, 올리버 마수치
3502, 곽시양
3503, 톰 하디
3504, 토머스 새도스키
3505, 상욱
3506, 캐서린 헤이글
3507, 헤일리 스테인펠드
3508, 도로시 앳킨슨
3509, 진백림
3510, 케이티 페리
3511, 임대혁
3512, 필리 그로인
3513, 이옥새
3514, 김대명
3515, 이종석
3516, 도지원
3517, 아키야마 리나
3518, 아놀드 슈왈제네거
3519, 폴 니콜스
3520, 김해숙
3521, 매츠 랑백카
3522, 엔리크 포셀라나
3523, 이태경
3524, 심은경
3525, 석승훈
3526, 정하담
3527, 맥스 찰스
3528, 크리스 터커
3529, 커스틴 던스트
3530, 김현수
3531, 딘 노리스
3532, 헬렌 벤상
3533, 이승연
3534, 앤디 딕
3535, 이민하
3536, 기욤 까네
3537, 벤 위쇼
3538, 이종준
3539, 마미야 쇼타로
3540, 신시아 닉슨
3541, 정만식
3542, 메리 깁스
3543, 조연우
3544, 안토니 올리버 피론
3545, 로저 카렐
3546, 나심 키아니
3547, 제니퍼 코넬리
3548, 야노 유카
3549, 토니 샬호브
3550, 펑위옌
3551, 토우야마 나오
3552, 마고 로비
3553, 존 조
3554, 토마스 크레취만
3555, 프레드 세비지
3556, 전광렬
3557, 토비 존스
3558, 안소희
3559, 박성준
3560, 최원
3561, 미무라 유우나
3562, 가인
3563, 아녜스 바르다
3564, 브라이언 크랜스톤
3565, 클레멘스 포시
3566, 이열
3567, 제레미 어바인
3568, 드와이트 헨리
3569, 카일리 커란
3570, 엘리스 폴
3571, 무카이 오사무
3572, 아네스 자우이
3573, 콤 미니
3574, 캐서린 키너
3575, 케이트 블란쳇
3576, 김선아
3577, 간정예
3578, 김준현
3579, 이코 우웨이스
3580, 오순옥
