,name,grade
0,극한직업,15세 관람가
1,어벤져스: 엔드게임,12세 관람가
2,겨울왕국 2,전체 관람가
3,알라딘,전체 관람가
4,기생충,15세 관람가
5,엑시트,"SF, 범죄, 스릴러"
6,스파이더맨: 파 프롬 홈,12세 관람가
7,백두산,12세 관람가
8,캡틴 마블,12세 관람가
9,조커,15세 관람가
10,봉오동 전투,15세 관람가
11,라이온 킹,전체 관람가
12,나쁜 녀석들: 더 무비,15세 관람가
13,82년생 김지영,12세 관람가
14,분노의 질주: 홉스&쇼,12세 관람가
15,토이 스토리 4,전체 관람가
16,돈,15세 관람가
17,악인전,청소년 관람불가
18,가장 보통의 연애,15세 관람가
19,말모이,12세 관람가
20,증인,헝가리
21,시동,15세 관람가
22,블랙머니,"범죄, 스릴러"
23,터미네이터: 다크 페이트,15세 관람가
24,사바하,15세 관람가
25,타짜: 원 아이드 잭,청소년 관람불가
26,신의 한 수: 귀수편,15세 관람가
27,알리타: 배틀 엔젤,12세 관람가
28,내안의 그놈,15세 관람가
29,뺑반,15세 관람가
30,변신,대만
31,주먹왕 랄프 2: 인터넷 속으로,전체 관람가
32,걸캅스,15세 관람가
33,사자,15세 관람가
34,아쿠아맨,12세 관람가
35,드래곤 길들이기 3,전체 관람가
36,나의 특별한 형제,12세 관람가
37,어스,한국
38,말레피센트 2,12세 관람가
39,유열의 음악앨범,12세 관람가
40,퍼펙트맨,12세 관람가
41,포드 V 페라리,12세 관람가
42,생일,에스토니아
43,"힘을 내요, 미스터 리",2019.09.11.
44,항거:유관순 이야기,12세 관람가
45,장사리 : 잊혀진 영웅들,12세 관람가
46,마이펫의 이중생활 2,전체 관람가
47,롱 리브 더 킹: 목포 영웅,Nan
48,쥬만지: 넥스트 레벨,12세 관람가
49,존 윅 3: 파라벨룸,청소년 관람불가
50,천문: 하늘에 묻는다,12세 관람가
51,나랏말싸미,전체 관람가
52,엑스맨: 다크 피닉스,12세 관람가
53,맨 인 블랙: 인터내셔널,2019.06.12.
54,레드슈즈,14분
55,뽀로로 극장판 보물섬 대모험,전체 관람가
56,캣츠,"드라마, 스릴러, 코미디"
57,보헤미안 랩소디,12세 관람가
58,명탐정 피카츄,전체 관람가
59,신비아파트 극장판 하늘도깨비 대 요르문간드,전체 관람가
60,나이브스 아웃,12세 관람가
61,샤잠!,12세 관람가
62,날씨의 아이,2019.10.30.

63,나를 찾아줘,15세 관람가
64,광대들: 풍문조작단,12세 관람가
65,그것: 두 번째 이야기,15세 관람가
66,극장판 헬로카봇 : 달나라를 구해줘!,전체 관람가
67,극장판 헬로카봇: 옴파로스 섬의 비밀,전체 관람가
68,이스케이프 룸,15세 관람가
69,양자물리학,15세 관람가
70,애드 아스트라,12세 관람가
71,47미터 2,15세 관람가
72,PMC: 더 벙커,15세 관람가
73,애나벨 집으로,15세 관람가
74,감쪽같은 그녀,전체 관람가
75,글래스,"오스트레일리아, 미국"
76,그린 북,2019.01.09.
77,장난스런 키스,12세 관람가
78,해피 데스데이 2 유,2019.02.14.
79,극장판 공룡메카드: 타이니소어의 섬,2019.01.10.
80,범블비,12세 관람가
81,제미니 맨,2019.10.09.
82,고질라: 킹 오브 몬스터,12세 관람가
83,덤보,12세 관람가
84,러브 유어셀프 인 서울,전체 관람가
85,브링 더 소울 : 더 무비,2019.08.07.
86,아담스 패밀리,전체 관람가
87,헬보이,15세 관람가
88,예스터데이,15세 관람가
89,천로역정: 천국을 찾아서,전체 관람가
90,미성년,15세 관람가
91,배심원들,드라마
92,기방도령,15세 관람가
93,신데렐라:마법 반지의 비밀,전체 관람가
94,원스 어폰 어 타임... 인 할리우드,청소년 관람불가
95,기묘한 가족,2019.02.13.
96,악질경찰,청소년 관람불가
97,라스트 크리스마스,12세 관람가
98,메리 포핀스 리턴즈,전체 관람가
99,명탐정 코난: 감청의 권,2019.07.24.
100,스윙키즈,12세 관람가
101,커런트 워,2019.08.22.
102,어린 의뢰인,12세 관람가
103,"안녕, 티라노: 영원히, 함께",전체 관람가
104,비스트,12세 관람가
105,요로나의 저주,15세 관람가
106,언니,한국
107,언더독,전체 관람가
108,롱 샷,2019.07.24.
109,앵그리 버드 2: 독수리 왕국의 침공,전체 관람가
110,우상,15세 관람가
111,엔젤 해즈 폴른,15세 관람가
112,두번할까요,15세 관람가
113,점박이 한반도의 공룡2 : 새로운 낙원,전체 관람가
114,자전차왕 엄복동,12세 관람가
115,진범,15세 관람가
116,더 페이버릿: 여왕의 여자,15세 관람가
117,이웃집 토토로,전체 관람가
118,가버나움,15세 관람가
119,벌새,독일
120,눈의 여왕4,전체 관람가
121,크롤,"범죄, 스릴러"
122,극장판 엉덩이 탐정: 화려한 사건 수첩,전체 관람가
123,해리포터와 비밀의 방,2002.12.13.
124,0.0MHz,15세 관람가
125,좀비랜드: 더블 탭,15세 관람가
126,바이스,15세 관람가
127,미드웨이,15세 관람가
128,프린스 코기,전체 관람가
129,윤희에게,12세 관람가
130,명탐정 코난:전율의 악보,12세 관람가
131,안나,인도
132,교회오빠,전체 관람가
133,로켓맨,오스트레일리아
134,암전,12세 관람가
135,미래의 미라이,전체 관람가
136,람보 : 라스트 워,2019.10.23.
137,공포의 묘지,15세 관람가
138,원더랜드,"범죄, 미스터리, 드라마, 스릴러"
139,크게 될 놈,15세 관람가
140,콜드 체이싱,15세 관람가
141,라스트 미션,15세 관람가
142,파이브 피트,15세 관람가
143,소피와 드래곤: 마법책의 비밀,전체 관람가
144,아이 엠 마더,15세 관람가
145,러브 앳,2019.11.27.
146,아내를 죽였다,15세 관람가
147,구스 베이비,전체 관람가
148,더 보이,미국
149,김복동,12세 관람가
150,레고 무비2,전체 관람가
151,미드소마,청소년 관람불가
152,그대 이름은 장미,12세 관람가
153,스파이더맨: 뉴 유니버스,2018.12.12.
154,로망,20분
155,"어쩌다, 결혼",12세 관람가
156,극장판 짱구는 못말려: 아뵤! 쿵후 보이즈 ~라면 대란~,전체 관람가
157,호텔 뭄바이,15세 관람가
158,카운트다운,청소년 관람불가
159,극장판 반지의 비밀일기,전체 관람가
160,그린치,2018.12.19.
161,몬스터 하우스,전체 관람가
162,노팅 힐,12세 관람가
163,닥터 슬립,15세 관람가
164,1919 유관순,12세 관람가
165,안녕 베일리,전체 관람가
166,사탄의 인형,15세 관람가
167,애프터,스릴러
168,더 룸,7분
169,우리집,15분
170,왓칭,15세 관람가
171,사일런스,15세 관람가
172,빅샤크2: 해저2만리,전체 관람가
173,어글리 돌,2019.05.01.
174,콜레트,Nan
175,마약왕,청소년 관람불가
176,세상을 바꾼 변호인,12세 관람가
177,슈퍼미니 2,전체 관람가
178,페이트 스테이 나이트 헤븐즈필 제2장 로스트 버터플라이,15세 관람가
179,업사이드,12세 관람가
180,허슬러,청소년 관람불가
181,빅트립: 아기팬더 배달 대모험,전체 관람가
182,마담 싸이코,15세 관람가
183,쿠르스크,15세 관람가
184,파비안느에 관한 진실,12세 관람가
185,칠곡 가시나들,전체 관람가
186,일일시호일,12세 관람가
187,더 와이프,15세 관람가
188,레플리카,15세 관람가
189,주전장,전체 관람가
190,몬스터 파크,전체 관람가
191,메기,8분
192,프란치스코 교황 : 맨 오브 히스 워드,전체 관람가
193,인생 후르츠,전체 관람가
194,드래곤볼 슈퍼: 브로리,전체 관람가
195,안도 타다오,전체 관람가
196,아이리시맨,청소년 관람불가
197,빠삐용,15세 관람가
198,서스페리아,청소년 관람불가
199,빅 위시,전체 관람가
200,100일 동안 100가지로 100퍼센트 행복찾기,15세 관람가
201,마녀배달부 키키,전체 관람가
202,너를 만난 여름,12세 관람가
203,썬키스 패밀리,15세 관람가
204,누구나 아는 비밀,15세 관람가
205,더 길티,15세 관람가
206,신밧드와 마법 양탄자,전체 관람가
207,북클럽,15세 관람가
208,캐리tv 러브콘서트 더 무비,2019.08.07.
209,왕이 될 아이,2019.01.16.
210,"다시, 봄",한국
211,플레이모빌: 더 무비,전체 관람가
212,대통령의 7시간,12세 관람가
213,마리아 칼라스: 세기의 디바,전체 관람가
214,콜드 워,15세 관람가
215,리틀 포니 프린세스,"판타지, 드라마"
216,내 완벽한 남사친의 비밀,2019.03.27.
217,러브라이브! 선샤인!! 더 스쿨 아이돌 무비 오버 더 레인보우,전체 관람가
218,판소리 복서,12세 관람가
219,굿 라이어,15세 관람가
220,크리스마스 호러 스토리,공포
221,세계는 오늘부터 너의 것,2.5만명
222,블라인드 멜로디,15세 관람가
223,전원사형,"서스펜스, 드라마"
224,"미안해요, 리키",12세 관람가
225,정글북: 마법 원정대,전체 관람가
226,칠드런 액트,12세 관람가
227,극장판 포켓몬스터 모두의 이야기,전체 관람가
228,BIFAN2019 판타스틱 단편 걸작선 1,"애니메이션, 드라마, 다큐멘터리"
229,모험왕 블링키,Nan
230,추격자: 살인자의 증거,"드라마, 스릴러"
231,명탐정 코난 : 제로의 집행인,12세 관람가
232,얼굴없는 보스,2019.11.21.
233,노무현과 바보들,12세 관람가
234,여대생 기숙사에서 생긴 일,2.3만명
235,이타미 준의 바다,전체 관람가
236,트레킹: 저주의 숲,15세 관람가
237,마녀: 소녀의 비밀,미스터리
238,철벽선생,12세 관람가
239,이스케이프 게임,스릴러
240,숲속의 마녀들,"공포, 미스터리, 스릴러"
241,숲속왕국의 꿀벌 여왕,전체 관람가
242,드래곤 길들이기,전체 관람가
243,판의 미로 - 오필리아와 세 개의 열쇠,15세 관람가
244,사이코패스,공포
245,로마,128분
246,잃어버린 세계를 찾아서,전체 관람가
247,매트릭스,"액션, SF"
248,리노,전체 관람가
249,미드 90,청소년 관람불가
250,결혼 이야기,청소년 관람불가
251,물의 기억,"드라마, 판타지"
252,미스 스티븐스,12세 관람가
253,나의 히어로 아카데미아 더 무비: 두 명의 히어로,전체 관람가
254,더 킹: 헨리 5세,청소년 관람불가
255,레토,15세 관람가
256,지구공룡대탐험,전체 관람가
257,데드 트리거,15세 관람가
258,뱅드림! 필름 라이브,전체 관람가
259,사이몬과 타카시,15세 관람가
260,어제 일은 모두 괜찮아,Nan
261,마담 프루스트의 비밀정원,전체 관람가
262,경계선,"영국, 이스라엘"
263,유랑지구,12세 관람가
264,빌리어네어 보이즈클럽,15세 관람가
265,프렌즈: 둥지탈출,전체 관람가
266,호크니,12세 관람가
267,조,청소년 관람불가
268,크리미널 체이스,"액션, 범죄, 스릴러"
269,아이스,미국
270,"고흐, 영원의 문에서",12세 관람가
271,김군,12세 관람가
272,두 교황,12세 관람가
273,킹 오브 프리즘 -샤이니 세븐 스타즈-,2019.03.07.
274,와일드 로즈,15세 관람가
275,마왕의 딸 이리샤,전체 관람가
276,행복한 라짜로,12세 관람가
277,라라와 움직이는 비밀의 숲,전체 관람가
278,아픈 만큼 사랑한다,전체 관람가
279,극장판 샤이닝스타:새로운 루나퀸의 탄생!,전체 관람가
280,이케아 옷장에서 시작된 특별난 여행,12세 관람가
281,돈 워리,멕시코
282,파리의 딜릴리,전체 관람가
283,쉘부르의 우산,12세 관람가
284,삽질,12세 관람가
285,헤로니모,전체 관람가
286,극장판 타오르지마 버스터-블랙어썰트의 귀환,전체 관람가
287,해치지않아,12세 관람가
288,크리드2,12세 관람가
289,모리스,미국
290,프렌드 존,2019.10.30.
291,아사코,12세 관람가
292,카센타,15세 관람가
293,수영장으로 간 남자들,15세 관람가
294,킹 오브 프리즘 –샤이니 세븐 스타즈- IV 루이x신x언노운,Nan
295,시민 노무현,12세 관람가
296,뷰티풀 보이,15세 관람가
297,버티고,한국
298,양지의 그녀,12세 관람가
299,별의 정원,2019.07.04.
300,신과함께-인과 연,2018.08.01.
301,어벤져스: 인피니티 워,2018.04.25.
302,보헤미안 랩소디,12세 관람가
303,미션 임파서블: 폴아웃,15세 관람가
304,신과함께-죄와 벌,2017.12.20.
305,쥬라기 월드: 폴른 킹덤,12세 관람가
306,앤트맨과 와스프,12세 관람가
307,안시성,12세 관람가
308,블랙 팬서,프랑스
309,완벽한 타인,"드라마, 코미디"
310,1987,15세 관람가
311,독전,스릴러
312,공작,12세 관람가
313,베놈,"공포, 스릴러"
314,암수살인,15세 관람가
315,데드풀 2,청소년 관람불가
316,국가부도의 날,2018.11.28.
317,코코,전체 관람가
318,아쿠아맨,12세 관람가
319,그것만이 내 세상,12세 관람가
320,마녀,스릴러
321,탐정: 리턴즈,15세 관람가
322,인크레더블 2,전체 관람가
323,서치,스웨덴
324,너의 결혼식,한국
325,곤지암,15세 관람가
326,지금 만나러 갑니다,12세 관람가
327,목격자,15세 관람가
328,조선명탐정: 흡혈괴마의 비밀,12세 관람가
329,신비한 동물들과 그린델왈드의 범죄,12세 관람가
330,메이즈 러너: 데스 큐어,12세 관람가
331,맘마미아!2,12세 관람가
332,레디 플레이어 원,12세 관람가
333,명당,12세 관람가
334,협상,15세 관람가
335,마약왕,청소년 관람불가
336,쥬만지: 새로운 세계,12세 관람가
337,창궐,15세 관람가
338,성난황소,드라마
339,도어락,15세 관람가
340,리틀 포레스트,전체 관람가
341,골든슬럼버,15세 관람가
342,램페이지,12세 관람가
343,궁합,12세 관람가
344,오션스8,12세 관람가
345,사라진 밤,15세 관람가
346,스윙키즈,12세 관람가
347,바람 바람 바람,청소년 관람불가
348,PMC: 더 벙커,15세 관람가
349,범블비,12세 관람가
350,챔피언,12세 관람가
351,퍼시픽 림: 업라이징,15세 관람가
352,몬스터 호텔 3,전체 관람가
353,더 넌,2014.01.23.
354,스카이스크래퍼,12세 관람가
355,염력,15세 관람가
356,월요일이 사라졌다,15세 관람가
357,인랑,15세 관람가
358,극장판 헬로카봇 : 백악기 시대,2018.08.01.
359,레슬러,15세 관람가
360,상류사회,청소년 관람불가
361,물괴,15세 관람가
362,미쓰백,15세 관람가
363,신비아파트: 금빛 도깨비와 비밀의 동굴,전체 관람가
364,퍼스트맨,미국
365,스파이더맨: 뉴 유니버스,2018.12.12.
366,위대한 쇼맨,12세 관람가
367,인시디어스4: 라스트 키,15세 관람가
368,"그날, 바다",15세 관람가
369,툼레이더,12세 관람가
370,페르디난드,전체 관람가
371,버닝,청소년 관람불가
372,7년의 밤,15세 관람가
373,메가로돈,2018.08.15.
374,콰이어트 플레이스,15세 관람가
375,호두까기 인형과 4개의 왕국,전체 관람가
376,셰이프 오브 워터: 사랑의 모양,청소년 관람불가
377,곰돌이 푸 다시 만나 행복해,전체 관람가
378,변산,15세 관람가
379,그린치,2018.12.19.
380,스타 이즈 본,15세 관람가
381,동네사람들,15세 관람가
382,원더풀 고스트,12세 관람가
383,강철비,15세 관람가
384,흥부: 글로 세상을 바꾼 자,2018.02.14.
385,명탐정 코난 : 제로의 집행인,12세 관람가
386,피터 래빗,전체 관람가
387,점박이 한반도의 공룡2 : 새로운 낙원,전체 관람가
388,패딩턴 2,전체 관람가
389,허스토리,12세 관람가
390,미드나잇 선,청소년 관람불가
391,덕구,전체 관람가
392,번 더 스테이지: 더 무비,2018.11.15.
393,트루스 오어 데어,15세 관람가
394,커뮤터,Nan
395,후드,한국
396,극장판 짱구는 못말려: 아뵤! 쿵후 보이즈 ~라면 대란~,전체 관람가
397,해리포터와 마법사의 돌,전체 관람가
398,모털 엔진,12세 관람가
399,바울,15세 관람가
400,나를 차버린 스파이,15세 관람가
401,명탐정 코난:감벽의 관,12세 관람가
402,아이 필 프리티,15세 관람가
403,시카리오: 데이 오브 솔다도,15세 관람가
404,치즈인더트랩,15세 관람가
405,12 솔져스,15세 관람가
406,1급기밀,12세 관람가
407,50가지 그림자: 해방,청소년 관람불가
408,속닥속닥,15세 관람가
409,벽 속에 숨은 마법시계,전체 관람가
410,허리케인 하이스트,15세 관람가
411,한 솔로: 스타워즈 스토리,12세 관람가
412,콜 미 바이 유어 네임,청소년 관람불가
413,나미야 잡화점의 기적,12세 관람가
414,업그레이드,15세 관람가
415,런닝맨 : 풀룰루의 역습,전체 관람가
416,극장판 포켓몬스터DP - 디아루가 VS 펄기아 VS 다크라이,전체 관람가
417,극장판 도라에몽: 진구의 보물섬,전체 관람가
418,원더,전체 관람가
419,유전,15세 관람가
420,더 프레데터,청소년 관람불가
421,어느 가족,2018.07.26.
422,극장판 포켓몬스터 모두의 이야기,전체 관람가
423,극장판 요괴워치 섀도사이드: 도깨비왕의 부활,전체 관람가
424,크레이지 리치 아시안,12세 관람가
425,다운사이징,15세 관람가
426,나를 기억해,청소년 관람불가
427,더 포스트,12세 관람가
428,빅샤크: 매직체인지,전체 관람가
429,독전: 익스텐디드 컷,Nan
430,얼리맨,전체 관람가
431,부탁 하나만 들어줘,청소년 관람불가
432,"안녕, 나의 소녀",12세 관람가
433,당갈,12세 관람가
434,할로윈,Nan
435,레드 스패로,청소년 관람불가
436,레이디 버드,15세 관람가
437,게이트,15세 관람가
438,미니특공대X,전체 관람가
439,여중생A,12세 관람가
440,쓰리 빌보드,15세 관람가
441,마야2,전체 관람가
442,커다랗고 커다랗고 커다란 배,2018.05.03.
443,플로리다 프로젝트,15세 관람가
444,극장판 포켓몬스터 너로 정했다!,전체 관람가
445,베일리 어게인,전체 관람가
446,루이스,캐나다
447,셜록 놈즈,12세 관람가
448,신은 죽지 않았다 3: 어둠 속의 빛,2018.07.19.
449,출국,15세 관람가
450,호텔 아르테미스,15세 관람가
451,올 더 머니,15세 관람가
452,마일22,15세 관람가
453,여곡성,15세 관람가
454,레오나르도 다 빈치,전체 관람가
455,번개맨과 신비의 섬,2018.04.05.
456,킬링 디어,청소년 관람불가
457,타이타닉,15세 관람가
458,소공녀,15세 관람가
459,어드리프트:우리가 함께한 바다,2018.09.06.
460,엘리엇과 산타 썰매단,전체 관람가
461,매직빈,전체 관람가
462,헌터 킬러,2018.12.06.
463,몬스터 패밀리,전체 관람가
464,머니백,15세 관람가
465,뽀로로 극장판 공룡섬 대모험,전체 관람가
466,말모이,12세 관람가
467,"부르고뉴, 와인에서 찾은 인생",15세 관람가
468,그래비티,6분
469,너의 췌장을 먹고 싶어,12세 관람가
470,번개맨의 비밀,전체 관람가
471,젝스키스 에이틴,전체 관람가
472,살인소설,15세 관람가
473,온리 더 브레이브,12세 관람가
474,폴란드로 간 아이들,전체 관람가
475,데자뷰,15세 관람가
476,비밥바룰라,12세 관람가
477,"스탠바이, 웬디",전체 관람가
478,나츠메 우인장: 세상과 연을 맺다,전체 관람가
479,에그엔젤 코코밍: 두근두근 핼러윈 파티,전체 관람가
480,타샤 튜더,전체 관람가
481,플로이,51분
482,다이노 어드벤처2: 육해공 공룡 대백과,전체 관람가
483,아일라,15세 관람가
484,라이프 오브 파이,전체 관람가
485,극장판 뽀잉: 슈퍼 변신의 비밀,전체 관람가
486,더 포리너,15세 관람가
487,배반의 장미,15세 관람가
488,그랜드 부다페스트 호텔,15세 관람가
489,너의 이름은.,2017.01.04.
490,패터슨,12세 관람가
491,이별의 아침에 약속의 꽃을 장식하자,12세 관람가
492,다키스트 아워,12세 관람가
493,프렌즈: 몬스터섬의비밀,전체 관람가
494,정글번치: 최강 악당의 등장,전체 관람가
495,툴리,15세 관람가
496,벅스 프렌즈,전체 관람가
497,반딧불이 딘딘,전체 관람가
498,아바타,12세 관람가
499,"오늘 밤, 로맨스 극장에서",Nan
500,스파키,전체 관람가
501,펭귄 하이웨이,전체 관람가
502,극장판 레이디버그: 미라클스톤의 비밀,전체 관람가
503,인생 후르츠,전체 관람가
504,개들의 섬,2018.06.21.
505,거미줄에 걸린 소녀,15세 관람가
506,막달라 마리아: 부활의 증인,12세 관람가
507,에브리데이,청소년 관람불가
508,바르다가 사랑한 얼굴들,전체 관람가
509,체실 비치에서,15세 관람가
510,지구: 놀라운 하루,전체 관람가
511,루비 스팍스,15세 관람가
512,팬텀 스레드,Nan
513,문호 스트레이독스 [데드 애플],12세 관람가
514,몬태나,15세 관람가
515,크리미널 스쿼드,15세 관람가
516,달링,12세 관람가
517,투 프렌즈,Nan
518,박물관이 진짜 살아있다,2018.11.08.
519,라라랜드,12세 관람가
520,피쉬 프렌즈: 알록이의 신기한 모험,전체 관람가
521,모어 댄 블루,12세 관람가
522,"쏘아올린 불꽃, 밑에서 볼까? 옆에서 볼까?",15세 관람가
523,해피 투게더,15세 관람가
524,원더스트럭,전체 관람가
525,중2병이라도 사랑이 하고 싶어! 테이크 온 미,12세 관람가
526,구스범스: 몬스터의 역습,Nan
527,당신의 부탁,15세 관람가
528,양말요정 휴고의 대모험,전체 관람가
529,쿵푸몽키,전체 관람가
530,러빙 빈센트,15세 관람가
531,하이큐!! 콘셉트의 싸움,12세 관람가
532,캡틴 스터비,전체 관람가
533,영주,12세 관람가
534,겨울왕국의 무민,전체 관람가
535,노크: 초대받지 않은 손님,15세 관람가
536,로건 럭키,12세 관람가
537,"세라비, 이것이 인생!",전체 관람가
538,극장판 프리! - 테이크 유어 마크 -,Nan
539,리틀 뱀파이어,전체 관람가
540,디트로이트,15세 관람가
541,노인을 위한 나라는 없다,청소년 관람불가
542,윌리,전체 관람가
543,펭이와 친구들의 남극대모험,2018.02.28.
544,마징가 Z: 인피니티,12세 관람가
545,아이 캔 온리 이매진,12세 관람가
546,휘트니,15세 관람가
547,터닝메카드W: 반다인의 비밀 특별판,전체 관람가
548,원더 휠,15세 관람가
549,무문관,전체 관람가
550,로마,128분
551,죄 많은 소녀,2018.09.13.
552,리즈와 파랑새,전체 관람가
553,다이노 헌터: 티렉스VS파키리노 대격돌,전체 관람가
554,호밀밭의 반항아,Nan
555,원더풀 라이프,전체 관람가
556,극장판 프리파라 모두의 동경♪ 렛츠고☆프리파리,전체 관람가
557,러빙 빈센트 : 비하인드 에디션,Nan
558,아이 엠 러브,청소년 관람불가
559,어거스트 러쉬,전체 관람가
560,B급 며느리,12세 관람가
561,카메라를 멈추면 안 돼!,15세 관람가
562,극장판 가면라이더 이그제이드: 트루 엔딩,전체 관람가
563,픽시,청소년 관람불가
564,꼬마영웅 바비,전체 관람가
565,나라타주,15세 관람가
566,트와이스랜드,전체 관람가
567,액슬,12세 관람가
568,스페이스 치킨: 마법 부적의 비밀,전체 관람가
569,임을 위한 행진곡,2018.05.16.
570,판타스틱 부니베어,전체 관람가
571,로빈슨의 언더워터 어드벤처,전체 관람가
572,킨: 더 비기닝,15세 관람가
573,꼬마 보트 토토: 타요 타요 배 타요,전체 관람가
574,아인,15세 관람가
575,드래곤 프린세스,전체 관람가
576,탑건,액션
577,파이널 포트레이트,15세 관람가
578,호비와 매직 아일랜드,전체 관람가
579,더 스퀘어,15세 관람가
580,토니스토리2: 고철왕국의 친구들,전체 관람가
581,주문은 토끼입니까?? ~디어 마이 시스터~,전체 관람가
582,내 이야기!!,12세 관람가
583,바니부기: 드래곤 에그를 찾아서,전체 관람가
584,아기곰 보보 구출 대작전,전체 관람가
585,아기돼지 3형제와 쿵푸랜드,전체 관람가
586,위 베어 베어스: 베이비 베어스,전체 관람가
587,트와일라잇,일본
588,군산: 거위를 노래하다,15세 관람가
589,내안의 그놈,15세 관람가
590,캡틴 샤키,전체 관람가
591,빅 식,2018.07.18.
592,불한당: 나쁜 놈들의 세상,Nan
593,토이 가디언즈,전체 관람가
594,너는 여기에 없었다,15세 관람가
595,해피 어게인,15세 관람가
596,류이치 사카모토: 코다,전체 관람가
597,유니콘 원정대: 비밀의 다이어리,전체 관람가
598,오직 사랑뿐,12세 관람가
599,"아이, 토냐",청소년 관람불가
600,택시운전사,15세 관람가
601,신과함께-죄와 벌,2017.12.20.
602,공조,15세 관람가
603,스파이더맨: 홈 커밍,12세 관람가
604,범죄도시,청소년 관람불가
605,군함도,15세 관람가
606,청년경찰,15세 관람가
607,더 킹,15세 관람가
608,미녀와 야수,전체 관람가
609,킹스맨: 골든 서클,청소년 관람불가
610,토르: 라그나로크,12세 관람가
611,꾼,Nan
612,강철비,15세 관람가
613,남한산성,15세 관람가
614,미이라,15세 관람가
615,분노의 질주: 더 익스트림,15세 관람가
616,너의 이름은.,2017.01.04.
617,슈퍼배드 3,전체 관람가
618,아이 캔 스피크,12세 관람가
619,캐리비안의 해적: 죽은 자는 말이 없다,12세 관람가
620,프리즌,청소년 관람불가
621,덩케르크,12세 관람가
622,가디언즈 오브 갤럭시 VOL. 2,12세 관람가
623,살인자의 기억법,15세 관람가
624,트랜스포머: 최후의 기사,12세 관람가
625,보안관,미국
626,조작된 도시,15세 관람가
627,보스 베이비,전체 관람가
628,재심,15세 관람가
629,박열,12세 관람가
630,모아나,전체 관람가
631,마스터,15세 관람가
632,로건,프랑스
633,원더 우먼,미국
634,겟 아웃,15세 관람가
635,혹성탈출: 종의 전쟁,12세 관람가
636,1987,15세 관람가
637,애나벨 : 인형의 주인,15세 관람가
638,노무현입니다,12세 관람가
639,저스티스 리그,12세 관람가
640,킬러의 보디가드,청소년 관람불가
641,콩: 스컬 아일랜드,12세 관람가
642,23 아이덴티티,15세 관람가
643,임금님의 사건수첩,12세 관람가
644,부라더,12세 관람가
645,기억의 밤,2017.11.29.
646,해피 데스데이,청소년 관람불가
647,브이아이피,청소년 관람불가
648,특별시민,2017.04.26.
649,에이리언: 커버넌트,15세 관람가
650,장산범,15세 관람가
651,악녀,청소년 관람불가
652,해빙,15세 관람가
653,라라랜드,12세 관람가
654,하루,15세 관람가
655,지오스톰,12세 관람가
656,스타워즈: 라스트 제다이,12세 관람가
657,불한당: 나쁜 놈들의 세상,청소년 관람불가
658,그것,15세 관람가
659,오리엔트 특급 살인,12세 관람가
660,대립군,15세 관람가
661,베이비 드라이버,15세 관람가
662,위대한 쇼맨,12세 관람가
663,뽀로로 극장판 공룡섬 대모험,전체 관람가
664,레지던트 이블: 파멸의 날,2017.01.25.
665,공각기동대 : 고스트 인 더 쉘,2017.03.29.
666,트롤,미국
667,패신저스,12세 관람가
668,씽,전체 관람가
669,아빠는 딸,387명
670,컨택트,12세 관람가
671,47 미터,15세 관람가
672,메리와 마녀의 꽃,전체 관람가
673,얼라이드,15세 관람가
674,발레리안: 천 개 행성의 도시,12세 관람가
675,그레이트 월,2017.02.15.
676,침묵,15세 관람가
677,카3: 새로운 도전,전체 관람가
678,트리플 엑스 리턴즈,15세 관람가
679,리얼,청소년 관람불가
680,너의 췌장을 먹고 싶어,12세 관람가
681,라이프,15세 관람가
682,명탐정 코난:진홍의 연가,12세 관람가
683,히든 피겨스,12세 관람가
684,반드시 잡는다,15세 관람가
685,원라인,15세 관람가
686,터닝메카드W: 블랙미러의 부활,전체 관람가
687,스머프: 비밀의 숲,전체 관람가
688,로그 원: 스타워즈 스토리,12세 관람가
689,킹 아서: 제왕의 검,2017.05.17.
690,극장판 포켓몬스터 너로 정했다!,전체 관람가
691,넛잡 2,2017.10.03.
692,아메리칸 메이드,15세 관람가
693,러빙 빈센트,15세 관람가
694,보통사람,13분
695,대장 김창수,12세 관람가
696,눈의 여왕 3: 눈과 불의 마법대결,전체 관람가
697,어쌔신 크리드,15세 관람가
698,플립,12세 관람가
699,석조저택 살인사건,15세 관람가
700,싱글라이더,15세 관람가
701,7호실,15세 관람가
702,몬스터 패밀리,전체 관람가
703,내 사랑,2017.07.12.
704,극장판 짱구는 못말려 : 습격!! 외계인 덩덩이,Nan
705,사랑하기 때문에,12세 관람가
706,희생부활자,15세 관람가
707,옥자,12세 관람가
708,블레이드 러너 2049,15세 관람가
709,빅풋 주니어,전체 관람가
710,존 윅 - 리로드,청소년 관람불가
711,목소리의 형태,전체 관람가
712,판도라,12세 관람가
713,공범자들,2017.08.17.
714,미옥,청소년 관람불가
715,어느날,15세 관람가
716,딥,15세 관람가
717,극장판 요괴워치: 하늘을 나는 고래와 더블세계다냥!,전체 관람가
718,어쌔신: 더 비기닝,15세 관람가
719,발레리나,전체 관람가
720,50가지 그림자: 심연,청소년 관람불가
721,문라이트,15세 관람가
722,핵소 고지,2017.02.22.
723,채비,12세 관람가
724,"나는 내일, 어제의 너와 만난다",12세 관람가
725,예수는 역사다,전체 관람가
726,극장판 도라에몽: 진구의 남극 꽁꽁 대모험,전체 관람가
727,더 큐어,9분
728,이프 온리,15세 관람가
729,아토믹 블론드,청소년 관람불가
730,레고 닌자고 무비,전체 관람가
731,비정규직 특수요원,15세 관람가
732,레고 배트맨 무비,전체 관람가
733,극장판 또봇: 로봇군단의 습격,전체 관람가
734,극장판 에그엔젤 코코밍: 푸르밍과 두근두근 코코밍 세계,전체 관람가
735,로마의 휴일,15세 관람가
736,눈길,15세 관람가
737,시간위의 집,2017.04.05.
738,명탐정 코난: 에피소드 원-작아진 명탐정,12세 관람가
739,루돌프와 많이있어,전체 관람가
740,저수지 게임,15세 관람가
741,마이펫 오지,전체 관람가
742,"서서평, 천천히 평온하게",전체 관람가
743,극장판 소드 아트 온라인 -오디널 스케일-,12세 관람가
744,짱구는 못말려 극장판: 폭풍수면! 꿈꾸는 세계 대돌격,전체 관람가
745,파리로 가는 길,2017.08.03.
746,킹 오브 프리즘 - 프라이드 더 히어로,Nan
747,여교사,청소년 관람불가
748,직쏘,청소년 관람불가
749,베이블레이드 버스트 갓 : 갓 발키리의 탄생,전체 관람가
750,라이언,12세 관람가
751,더 테이블,12세 관람가
752,루시드 드림,"판타지, 드라마, 코미디"
753,딥워터 호라이즌,12세 관람가
754,슈퍼 빼꼼: 스파이 대작전,전체 관람가
755,김광석,15세 관람가
756,다크타워: 희망의 탑,15세 관람가
757,인비저블 게스트,15세 관람가
758,사일런스,15세 관람가
759,노 게임 노 라이프 -제로-,2017.10.19.
760,몬스터 콜,12세 관람가
761,다크 나이트,15세 관람가
762,지랄발광 17세,15세 관람가
763,파도가 지나간 자리,15세 관람가
764,원더,전체 관람가
765,꼬마참새 리차드: 아프리카 원정대,전체 관람가
766,너와 100번째 사랑,12세 관람가
767,드래곤 스펠: 마법 꽃의 비밀,전체 관람가
768,오즈: 신기한 마법가루,전체 관람가
769,오두막,12세 관람가
770,패트리어트 데이,15세 관람가
771,파워레인져스: 더 비기닝,12세 관람가
772,바다 탐험대 옥토넛 시즌4: 더 파이널,전체 관람가
773,더 서클,미국
774,극장판 파워레인저: 애니멀포스 VS 닌자포스 미래에서 온 메시지,전체 관람가
775,포켓몬 더 무비 XY&Z 「볼케니온 : 기계왕국의 비밀」,전체 관람가
776,극장판 쿠로코의 농구 라스트 게임,12세 관람가
777,뷰티풀 투모로우,12세 관람가
778,리틀 프린세스 소피아 : 신비한 섬,2017.09.28.
779,더 크리스마스,전체 관람가
780,바다 탐험대 옥토넛 시즌4: 바다 괴물 대소동,전체 관람가
781,나의 붉은고래,전체 관람가
782,밤의 해변에서 혼자,청소년 관람불가
783,래빗 스쿨,전체 관람가
784,맨체스터 바이 더 씨,2017.02.15.
785,위시 어폰,15세 관람가
786,극장판 숲의 요정 페어리루 ~크리스마스의 기적: 마법의 날개~,전체 관람가
787,매혹당한 사람들,15세 관람가
788,튤립 피버,청소년 관람불가
789,윈드 리버,15세 관람가
790,언더더씨,러시아 연방
791,미스 슬로운,15세 관람가
792,매기스 플랜,2017.01.25.
793,잃어버린 도시 Z,12세 관람가
794,심야식당 2,12세 관람가
795,마더!,청소년 관람불가
796,"그래, 가족",12세 관람가
797,리틀 프린세스 소피아: 엘레나와 비밀의 아발로 왕국,전체 관람가
798,내가 죽기 전에 가장 듣고 싶은 말,2017.07.19.
799,댄서,15세 관람가
800,"당신, 거기 있어줄래요",12세 관람가
801,하이큐!! 재능과 센스,12세 관람가
802,꼬마돼지 베이브의 대모험,전체 관람가
803,"나, 다니엘 블레이크",2016.12.08.
804,페이트 스테이 나이트 헤븐즈필 제1장 프레시지 플라워,15세 관람가
805,예감은 틀리지 않는다,15세 관람가
806,레이디버그,전체 관람가
807,원스,전체 관람가
808,이모티: 더 무비,전체 관람가
809,산상수훈,전체 관람가
810,스노든,15세 관람가
811,흑집사 -북 오브 더 아틀란틱-,Nan
812,첫키스만 50번째,15세 관람가
813,다시 태어나도 우리,전체 관람가
814,헤드윅,15세 관람가
815,극장판 프리파라 모두의 동경♪ 렛츠고☆프리파리,전체 관람가
816,다크 하우스,청소년 관람불가
817,반지의 제왕 : 반지원정대 (확장판),Nan
818,잠깐만 회사 좀 관두고 올게,12세 관람가
819,엘르,청소년 관람불가
820,우리의 20세기,15세 관람가
821,키코리키: 황금모자의 비밀,전체 관람가
822,피터와 모글리의 크리스마스 어드벤처,전체 관람가
823,어메이징 메리,12세 관람가
824,녹터널 애니멀스,청소년 관람불가
825,파운더,15세 관람가
826,7번째 내가 죽던 날,2017.05.31.
827,더 플랜,15세 관람가
828,판타스틱 단편 걸작선 1,Nan
829,가디언즈 오브 갤럭시,12세 관람가
830,하이큐!! 승자와 패자,12세 관람가
831,극장판 위 베어 베어스: 곰 브라더스,Nan
832,나는 부정한다,12세 관람가
833,루터,12세 관람가
834,단지 세상의 끝,Nan
835,"좋아해, 너를",12세 관람가
836,리빙보이 인 뉴욕,15세 관람가
837,반지의 제왕 : 왕의 귀환 (확장판),Nan
838,"나의 사랑, 그리스",15세 관람가
839,역모-반란의 시대,15세 관람가
840,너브,15세 관람가
841,세 번째 살인,2017.12.14.
842,패터슨,12세 관람가
843,매직울프,전체 관람가
844,걸 온 더 트레인,청소년 관람불가
845,분노,청소년 관람불가
846,데스노트: 더 뉴 월드,15세 관람가
847,마리안느와 마가렛,전체 관람가
848,극장판 암살교실 : 365일의 시간,12세 관람가
849,스페이스 비트윈 어스,12세 관람가
850,키드냅,15세 관람가
851,반지의 제왕 : 두개의 탑 (확장판),Nan
852,내게 남은 사랑을,2017.11.02.
853,지니어스,12세 관람가
854,로스트 인 파리,12세 관람가
855,재키,15세 관람가
856,몬스터 섬의 비밀,전체 관람가
857,아기돼지 3형제와 매직램프,전체 관람가
858,메소드,15세 관람가
859,러브레터,전체 관람가
860,배저로와 친구들: 신비한 모험,2017.10.26.
861,슈퍼 버드,전체 관람가
862,부니베어: 로거빅 컴백홈 프로젝트,전체 관람가
863,골드,15세 관람가
864,사다코 대 카야코,15세 관람가
865,에곤 쉴레: 욕망이 그린 그림,청소년 관람불가
866,언노운 걸,2017.05.03.
867,아우토반,15세 관람가
868,"내 어깨 위 고양이, 밥",2020.12.24.
869,꿈의 제인,청소년 관람불가
870,"안녕, 나의 소울메이트",Nan
871,슈퍼오리 : 태양을 지켜라,전체 관람가
872,클로저,청소년 관람불가
873,빌리 엘리어트,12세 관람가
874,하이큐!! 끝과 시작,12세 관람가
875,패션 오브 크라이스트,15세 관람가
876,언프렌드,15세 관람가
877,파워배틀 와치카: 와치가면의 역습,전체 관람가
878,레이디 맥베스,청소년 관람불가
879,제인 도,2017.08.23.
880,토마스와 친구들: 수수께끼 해적선과 보물찾기,전체 관람가
881,유리정원,12세 관람가
882,스테이션 7,12세 관람가
883,송 투 송,청소년 관람불가
884,행복 목욕탕,12세 관람가
885,프란츠,12세 관람가
886,빌리 진 킹: 세기의 대결,15세 관람가
887,극장판 어드벤처 타임: 비밀의 아일랜드,전체 관람가
888,아이 앰 히스 레저,12세 관람가
889,러브 액츄얼리,15세 관람가
890,뚜르: 내 생애 최고의 49일,2017.02.01.
891,부니베어: 나무 도둑의 습격,전체 관람가
892,슬립리스: 크리미널 나이트,15세 관람가
893,그 후,드라마
894,오즈의 마법사 2,전체 관람가
895,은혼,15세 관람가
896,신서유기 : 몽키킹의 부활,전체 관람가
897,인카네이트,15세 관람가
898,배드 지니어스,15세 관람가
899,"괜찮아요, 미스터 브래드",12세 관람가
900,부산행,15세 관람가
901,검사외전,15세 관람가
902,캡틴 아메리카: 시빌 워,12세 관람가
903,밀정,15세 관람가
904,터널,12세 관람가
905,인천상륙작전,12세 관람가
906,럭키,15세 관람가
907,곡성,15세 관람가
908,덕혜옹주,12세 관람가
909,닥터 스트레인지,12세 관람가
910,마스터,15세 관람가
911,주토피아,전체 관람가
912,신비한 동물사전,12세 관람가
913,판도라,12세 관람가
914,아가씨,청소년 관람불가
915,쿵푸팬더3,전체 관람가
916,귀향,미국
917,데드풀,12세 관람가
918,나우 유 씨 미 2,12세 관람가
919,형,12세 관람가
920,엑스맨: 아포칼립스,12세 관람가
921,미스 페레그린과 이상한 아이들의 집,12세 관람가
922,히말라야,12세 관람가
923,제이슨 본,15세 관람가
924,도리를 찾아서,전체 관람가
925,아수라,청소년 관람불가
926,정글북,전체 관람가
927,마이펫의 이중생활,전체 관람가
928,라라랜드,12세 관람가
929,배트맨 대 슈퍼맨: 저스티스의 시작,12세 관람가
930,굿바이 싱글,15세 관람가
931,봉이 김선달,12세 관람가
932,레버넌트: 죽음에서 돌아온 자,2016.01.14.
933,컨저링 2,15세 관람가
934,내부자들: 디 오리지널,청소년 관람불가
935,수어사이드 스쿼드,청소년 관람불가
936,인디펜던스 데이 : 리써전스,12세 관람가
937,탐정 홍길동: 사라진 마을,15세 관람가
938,벤허,액션
939,굿 다이노,전체 관람가
940,셜록: 유령신부,12세 관람가
941,특별수사: 사형수의 편지,15세 관람가
942,시간이탈자,2016.04.13.
943,동주,12세 관람가
944,워크래프트: 전쟁의 서막,12세 관람가
945,스타트렉 비욘드,12세 관람가
946,미씽: 사라진 여자,15세 관람가
947,"당신, 거기 있어줄래요",12세 관람가
948,라이트 아웃,15세 관람가
949,오빠생각,12세 관람가
950,"날, 보러와요",청소년 관람불가
951,씽,전체 관람가
952,맨 인 더 다크,1명
953,"고산자, 대동여지도",전체 관람가
954,미 비포 유,12세 관람가
955,매그니피센트 7,15세 관람가
956,갓 오브 이집트,2016.03.03.
957,레전드 오브 타잔,12세 관람가
958,좋아해줘,12세 관람가
959,브리짓 존스의 베이비,15세 관람가
960,스플릿,15세 관람가
961,런던 해즈 폴른,15세 관람가
962,국가대표 2,12세 관람가
963,인페르노,15세 관람가
964,앵그리버드 더 무비,전체 관람가
965,그날의 분위기,15세 관람가
966,사냥,15세 관람가
967,널 기다리며,청소년 관람불가
968,설리: 허드슨강의 기적,12세 관람가
969,잭 리처: 네버 고 백,2016.11.30.
970,로그 원: 스타워즈 스토리,12세 관람가
971,싱 스트리트,2016.05.19.
972,아이스 에이지: 지구 대충돌,전체 관람가
973,몬스터 호텔 2,전체 관람가
974,메카닉: 리크루트,15세 관람가
975,고스트버스터즈,12세 관람가
976,거울나라의 앨리스,12세 관람가
977,가려진 시간,12세 관람가
978,명탐정 코난: 순흑의 악몽,12세 관람가
979,해어화,15세 관람가
980,계춘할망,15세 관람가
981,"로봇, 소리",12세 관람가
982,스타워즈: 깨어난 포스,12세 관람가
983,빅쇼트,청소년 관람불가
984,헌츠맨: 윈터스 워,12세 관람가
985,나를 잊지 말아요,15세 관람가
986,나의 소녀시대,2016.05.11.
987,조선마술사,12세 관람가
988,언더 워터,15세 관람가
989,클로버필드 10번지,15세 관람가
990,위자: 저주의 시작,12세 관람가
991,극장판 요괴워치: 염라대왕과 5개의 이야기다냥!,전체 관람가
992,아기배달부 스토크,전체 관람가
993,캐롤,청소년 관람불가
994,위대한 소원,15세 관람가
995,스포트라이트,15세 관람가
996,구스범스,12세 관람가
997,포인트 브레이크,청소년 관람불가
998,앨빈과 슈퍼밴드: 악동 어드벤처,전체 관람가
999,혼숨,15세 관람가
1000,극장판 안녕 자두야,전체 관람가
1001,비밀은 없다,청소년 관람불가
1002,순정,12세 관람가
1003,닌자터틀 : 어둠의 히어로,12세 관람가
1004,드림 쏭,2016.09.14.
1005,독수리 에디,12세 관람가
1006,포켓몬 더 무비 XY&Z 「볼케니온 : 기계왕국의 비밀」,전체 관람가
1007,원피스 필름 골드,12세 관람가
1008,아이 엠 어 히어로,청소년 관람불가
1009,남과 여,청소년 관람불가
1010,짱구는 못말려 극장판: 나의 이사 이야기 선인장 대습격,전체 관람가
1011,"무현, 두 도시 이야기",2016.10.26.
1012,글로리데이,15세 관람가
1013,노트북,15세 관람가
1014,대호,12세 관람가
1015,부활,12세 관람가
1016,매직브러시,전체 관람가
1017,조이,12세 관람가
1018,대배우,12세 관람가
1019,빅,14분
1020,달빛궁궐,전체 관람가
1021,어린왕자,전체 관람가
1022,미스컨덕트,15세 관람가
1023,500일의 썸머,15세 관람가
1024,서울역,15세 관람가
1025,13시간,15세 관람가
1026,자백,"범죄, 스릴러"
1027,장난감이 살아있다,전체 관람가
1028,극장판 아이엠스타 : 꿈의 오디션!,전체 관람가
1029,플로렌스,15세 관람가
1030,로빈슨 크루소,전체 관람가
1031,제 5침공,2016.02.25.
1032,극장판 꼬마버스 타요의 에이스 구출작전,전체 관람가
1033,대니쉬 걸,청소년 관람불가
1034,인생은 아름다워,전체 관람가
1035,카페 소사이어티,15세 관람가
1036,마이 리틀 자이언트,전체 관람가
1037,죽여주는 여자,청소년 관람불가
1038,헤이트풀8,청소년 관람불가
1039,감바의 대모험,전체 관람가
1040,최강전사 미니특공대: 영웅의 탄생,전체 관람가
1041,다이노소어 어드벤처 : 백악기 공룡대백과,전체 관람가
1042,피터와 드래곤,전체 관람가
1043,킹 오브 프리즘 (바이 프리티 리듬),Nan
1044,다이버전트 시리즈: 얼리전트,12세 관람가
1045,무서운 이야기 3 : 화성에서 온 소녀,15세 관람가
1046,바스티유 데이,15세 관람가
1047,걷기왕,12세 관람가
1048,일사각오,12세 관람가
1049,나의 산티아고,12세 관람가
1050,본 투 비 블루,청소년 관람불가
1051,태풍이 지나가고,12세 관람가
1052,오베라는 남자,12세 관람가
1053,크리미널,15세 관람가
1054,슈퍼 프렌즈,전체 관람가
1055,루돌프와 많이있어,전체 관람가
1056,룸,15세 관람가
1057,포켓몬 더 무비 XY 후파: 광륜의 초마신,전체 관람가
1058,유스,15세 관람가
1059,다이노X 탐험대,전체 관람가
1060,로스트 인 더스트,Nan
1061,최악의 하루,15세 관람가
1062,오 마이 그랜파,2016.03.17.
1063,엽기적인 그녀 2,15세 관람가
1064,하이큐!! 끝과 시작,12세 관람가
1065,라스트 위치 헌터,15세 관람가
1066,언더월드: 블러드 워,2016.11.30.
1067,선생님의 일기,12세 관람가
1068,세상에서 고양이가 사라진다면,12세 관람가
1069,바다 탐험대 옥토넛 시즌4: 늪지탐험선K,전체 관람가
1070,어카운턴트,15세 관람가
1071,번개맨,한국
1072,이퀄스,11분
1073,스티브 잡스,2016.01.21.
1074,아이엠스타 뮤직어워드,전체 관람가
1075,올레,15세 관람가
1076,리틀메딕: 몸속탐험대,전체 관람가
1077,데몰리션,청소년 관람불가
1078,레터스 투 갓,2016.02.25.
1079,극장판 파워레인저: 닌자포스 VS 트레인포스 닌자 인 원더랜드,전체 관람가
1080,트럼보,2016.04.07.
1081,바다 탐험대 옥토넛 시즌4: 빙하탐험선S,전체 관람가
1082,두 남자,청소년 관람불가
1083,극장판 도라에몽: 신 진구의 버스 오브 재팬,전체 관람가
1084,바다 탐험대 옥토넛 시즌4: 아슬아슬 구조대작전,전체 관람가
1085,죽은 시인의 사회,12세 관람가
1086,더 보이,미국
1087,극장판 프랭키와 친구들: 생명의 나무,전체 관람가
1088,그물,15세 관람가
1089,드레스메이커,15세 관람가
1090,비포 선라이즈,15세 관람가
1091,빅뱅 메이드,2016.06.30.
1092,백설공주 : 사라진 아빠를 찾아서,전체 관람가
1093,불의 전차,12세 관람가
1094,파라노말 액티비티: 더 고스트 디멘션,15세 관람가
1095,순종,전체 관람가
1096,잡아야 산다,15세 관람가
1097,뽀로로 극장판 컴퓨터 왕국 대모험,전체 관람가
1098,"나, 다니엘 블레이크",2016.12.08.
1099,브루클린,12세 관람가
1100,포레스트: 죽음의 숲,12세 관람가
1101,마음이 외치고 싶어해,12세 관람가
1102,바닷마을 다이어리,12세 관람가
1103,우리들,전체 관람가
1104,목숨 건 연애,15세 관람가
1105,머니 몬스터,15세 관람가
1106,트리플 9,청소년 관람불가
1107,엽문3: 최후의 대결,12세 관람가
1108,굿 윌 헌팅,15세 관람가
1109,갤럭시 히어로즈: 라쳇 앤 클랭크,전체 관람가
1110,하드코어 헨리,청소년 관람불가
1111,블레어 위치,15세 관람가
1112,미스 사이공 : 25주년 특별 공연,2016.11.24.
1113,이웃집에 신이 산다,청소년 관람불가
1114,플래그 더 문,2016.06.02.
1115,냉정과 열정사이,15세 관람가
1116,범죄의 여왕,15세 관람가
1117,BIFAN2016 판타스틱 단편 걸작선 1,Nan
1118,스푹스:MI5,15세 관람가
1119,33,12세 관람가
1120,잔예 - 살아서는 안되는 방,Nan
1121,스누피: 더 피너츠 무비,전체 관람가
1122,매드 맥스: 분노의 도로,15세 관람가
1123,동급생,15세 관람가
1124,4등,15세 관람가
1125,나의 그리스식 웨딩 2,영국
1126,트릭,15세 관람가
1127,너의 이름은.,2017.01.04.
1128,빌리와 용감한 녀석들: 치킨 히어로,전체 관람가
1129,파워배틀 와치카 미니카 배틀리그: 불꽃의 질주,전체 관람가
1130,브루클린의 멋진 주말,12세 관람가
1131,신은 죽지 않았다 2,2016.04.07.
1132,시간을 달리는 소녀,전체 관람가
1133,"헤일, 시저!",12세 관람가
1134,무한대를 본 남자,12세 관람가
1135,태양 아래,프랑스
1136,인어공주 : 새로운 모험의 시작,전체 관람가
1137,다가오는 것들,2016.09.29.
1138,대결,15세 관람가
1139,극장판 유희왕 더 다크 사이드 오브 디멘션즈,전체 관람가
1140,극장판 프리파라 모두 모여라! 프리즘☆투어즈,애니메이션
1141,그랜드파더,청소년 관람불가
1142,쿠보와 전설의 악기,2016.10.26.
1143,테일 오브 테일즈,청소년 관람불가
1144,스노우타임,전체 관람가
1145,벤허,액션
1146,걸즈 앤 판처 극장판,12세 관람가
1147,서프러제트,12세 관람가
1148,카페 6,12세 관람가
1149,토마스와 친구들: 용감한 기관차와 괴물소동,전체 관람가
1150,인천상륙작전 : 익스텐디드 에디션(확장판),15세 관람가
1151,뉴 스텝업: 어반댄스,15세 관람가
1152,오페라의 유령,12세 관람가
1153,카이: 거울 호수의 전설,전체 관람가
1154,하이-라이즈,청소년 관람불가
1155,키즈모노가타리 I : 철혈편,15세 관람가
1156,러브레터,전체 관람가
1157,나이스 가이즈,청소년 관람불가
1158,에곤 쉴레: 욕망이 그린 그림,청소년 관람불가
1159,45년 후,2016.05.05.
1160,하이 스피드! –프리! 스타팅 데이즈-,Nan
1161,미스터 캣,2016.10.19.
1162,사울의 아들,청소년 관람불가
1163,잉글리쉬 페이션트,청소년 관람불가
1164,글루미 선데이,청소년 관람불가
1165,피아니스트 세이모어의 뉴욕 소네트,전체 관람가
1166,연애담,청소년 관람불가
1167,스킵트레이스: 합동수사,15세 관람가
1168,시크릿 인 데어 아이즈,15세 관람가
1169,히야,12세 관람가
1170,해리포터와 죽음의 성물2,전체 관람가
1171,하이큐!! 승자와 패자,12세 관람가
1172,인터스텔라,12세 관람가
1173,비포 선셋,15세 관람가
1174,세기의 매치,12세 관람가
1175,바그다드 카페 : 디렉터스컷,15세 관람가
1176,섬. 사라진 사람들,15세 관람가
1177,칠드런 오브 맨,15세 관람가
1178,립반윙클의 신부,15세 관람가
1179,커터,청소년 관람불가
1180,트루스,15세 관람가
1181,이레셔널 맨,청소년 관람불가
1182,프란치스코,Nan
1183,시카고,15세 관람가
1184,다음 침공은 어디?,15세 관람가
1185,무간도,12세 관람가
1186,환상의 빛,15세 관람가
1187,버스 657,15세 관람가
1188,비틀스: 에잇 데이즈 어 위크 – 투어링 이어즈,Nan
1189,당신자신과 당신의 것,2016.11.10.
1190,"불량소녀, 너를 응원해!",12세 관람가
1191,미라클 프롬 헤븐,전체 관람가
1192,"조제, 호랑이 그리고 물고기들",12세 관람가
1193,내부자들,청소년 관람불가
1194,사랑하기 때문에,12세 관람가
1195,리틀 폭스,전체 관람가
1196,예전부터 계속 좋아했어 ~고백실행위원회~,Nan
1197,더 웨이브,12세 관람가
1198,"나의 위대한 친구, 세잔",Nan
1199,무수단,15세 관람가
1200,베테랑,15세 관람가
1201,암살,15세 관람가
1202,어벤져스: 에이지 오브 울트론,12세 관람가
1203,국제시장,12세 관람가
1204,내부자들,청소년 관람불가
1205,사도,12세 관람가
1206,킹스맨 : 시크릿 에이전트,청소년 관람불가
1207,미션 임파서블: 로그네이션,15세 관람가
1208,연평해전,12세 관람가
1209,쥬라기 월드,"모험, 가족, 판타지"
1210,검은 사제들,15세 관람가
1211,히말라야,12세 관람가
1212,인사이드 아웃,전체 관람가
1213,마션,12세 관람가
1214,조선명탐정 : 사라진 놉의 딸,2015.02.11.
1215,매드 맥스: 분노의 도로,15세 관람가
1216,인턴,12세 관람가
1217,분노의 질주: 더 세븐,15세 관람가
1218,터미네이터 제니시스,15세 관람가
1219,스물,15세 관람가
1220,극비수사,15세 관람가
1221,앤트맨,Nan
1222,스타워즈: 깨어난 포스,12세 관람가
1223,빅 히어로,전체 관람가
1224,메이즈 러너: 스코치 트라이얼,12세 관람가
1225,탐정 : 더 비기닝,15세 관람가
1226,미니언즈,2022.07.
1227,스파이,15세 관람가
1228,악의 연대기,15세 관람가
1229,강남 1970,청소년 관람불가
1230,뷰티 인사이드,12세 관람가
1231,오늘의 연애,15세 관람가
1232,테이큰 3,15세 관람가
1233,007 스펙터,15세 관람가
1234,이미테이션 게임,15세 관람가
1235,샌 안드레아스,2015.06.03.
1236,쎄시봉,15세 관람가
1237,더 폰,이탈리아
1238,위플래쉬,15세 관람가
1239,대호,12세 관람가
1240,마다가스카의 펭귄,전체 관람가
1241,차이나타운,청소년 관람불가
1242,장수상회,12세 관람가
1243,성난 변호사,15세 관람가
1244,간신,청소년 관람불가
1245,박물관이 살아있다 : 비밀의 무덤,2015.01.14.
1246,그놈이다,15세 관람가
1247,미쓰 와이프,15세 관람가
1248,몬스터 호텔 2,전체 관람가
1249,허삼관,12세 관람가
1250,"님아, 그 강을 건너지 마오",2014.11.27.
1251,살인의뢰,청소년 관람불가
1252,손님,15세 관람가
1253,인시디어스 3,15세 관람가
1254,하트 오브 더 씨,2015.12.03.
1255,헝거게임: 더 파이널,15세 관람가
1256,기술자들,15세 관람가
1257,신데렐라,"드라마, 스릴러"
1258,픽셀,12세 관람가
1259,열정같은소리하고있네,15세 관람가
1260,특종: 량첸살인기,15세 관람가
1261,서부전선,12세 관람가
1262,채피,15세 관람가
1263,극장판 요괴워치: 탄생의 비밀이다냥!,전체 관람가
1264,헬머니,청소년 관람불가
1265,도라에몽 : 스탠 바이 미,전체 관람가
1266,위험한 상견례 2,15세 관람가
1267,명탐정 코난 : 화염의 해바라기,전체 관람가
1268,순수의 시대,청소년 관람불가
1269,오피스,15세 관람가
1270,"협녀, 칼의 기억",15세 관람가
1271,어린왕자,전체 관람가
1272,무뢰한,청소년 관람불가
1273,판타스틱 4,12세 관람가
1274,뽀로로 극장판 컴퓨터 왕국 대모험,전체 관람가
1275,내 심장을 쏴라,15세 관람가
1276,소수의견,15세 관람가
1277,그레이의 50가지 그림자,청소년 관람불가
1278,홈,전체 관람가
1279,경성학교: 사라진 소녀들,15세 관람가
1280,치외법권,15세 관람가
1281,아메리칸 스나이퍼,청소년 관람불가
1282,에베레스트,12세 관람가
1283,호빗: 다섯 군대 전투,2014.12.17.
1284,스폰지밥 3D,전체 관람가
1285,극적인 하룻밤,청소년 관람불가
1286,뮨: 달의 요정,2015.09.24.
1287,도리화가,12세 관람가
1288,이터널 선샤인,15세 관람가
1289,주피터 어센딩,12세 관람가
1290,패딩턴,전체 관람가
1291,오즈의 마법사: 돌아온 도로시,전체 관람가
1292,런 올 나이트,청소년 관람불가
1293,다이노 타임,전체 관람가
1294,인서전트,15세 관람가
1295,백 투 더 비기닝,2015.02.26.
1296,투모로우랜드,12세 관람가
1297,스파이 브릿지,12세 관람가
1298,개를 훔치는 완벽한 방법,전체 관람가
1299,함정,청소년 관람불가
1300,명탐정 코난 : 코난 실종사건 - 사상 최악의 이틀,12세 관람가
1301,언브로큰,15세 관람가
1302,소셜포비아,15세 관람가
1303,하늘을 걷는 남자,12세 관람가
1304,극장판 포켓몬스터 XY : 파괴의 포켓몬과 디안시,전체 관람가
1305,조선마술사,12세 관람가
1306,괴물의 아이,12세 관람가
1307,노아의 방주: 남겨진 녀석들,전체 관람가
1308,언프렌디드: 친구삭제,15세 관람가
1309,연애의 맛,청소년 관람불가
1310,포켓몬 더 무비 XY 후파: 광륜의 초마신,전체 관람가
1311,버드맨,미국
1312,기생수 파트1,청소년 관람불가
1313,더 셰프,이스라엘
1314,팬,15세 관람가
1315,레전드,청소년 관람불가
1316,인터스텔라,12세 관람가
1317,19곰 테드 2,청소년 관람불가
1318,아메리칸 울트라,청소년 관람불가
1319,트랜스포터: 리퓰드,15세 관람가
1320,내부자들: 디 오리지널,청소년 관람불가
1321,센과 치히로의 행방불명,전체 관람가
1322,스누피: 더 피너츠 무비,전체 관람가
1323,최강전사 미니특공대 : 새로운 악당의 습격,전체 관람가
1324,아메리칸 셰프,15세 관람가
1325,짱구는 못말려 극장판 : 정면승부! 로봇아빠의 역습,전체 관람가
1326,워킹걸,청소년 관람불가
1327,은밀한 유혹,15세 관람가
1328,우먼 인 골드,12세 관람가
1329,화장,청소년 관람불가
1330,시카리오: 암살자의 도시,청소년 관람불가
1331,워터 디바이너,15세 관람가
1332,나의 절친 악당들,청소년 관람불가
1333,심야식당,드라마
1334,러브 라이브! 더 스쿨 아이돌 무비,전체 관람가
1335,미라클 벨리에,12세 관람가
1336,퇴마: 무녀굴,15세 관람가
1337,눈의 여왕 2: 트롤의 마법거울,Nan
1338,존 윅,Nan
1339,상의원,15세 관람가
1340,극장판 도라에몽 : 진구의 우주영웅기~스페이스 히어로즈~,전체 관람가
1341,스틸 앨리스,12세 관람가
1342,셀프/리스,15세 관람가
1343,맨 프롬 UNCLE,2015.10.28.
1344,더 건맨,2015.04.16.
1345,프리덤,12세 관람가
1346,사우스포,15세 관람가
1347,돌연변이,12세 관람가
1348,극장판 파워레인저 트레인포스 VS 다이노포스 THE MOVIE,전체 관람가
1349,빌리와 용감한 녀석들 3,전체 관람가
1350,맥베스,15세 관람가
1351,7번째 아들,12세 관람가
1352,숀더쉽,전체 관람가
1353,포커스,15세 관람가
1354,더 매직: 리틀톰과 도둑공주,전체 관람가
1355,갤로우즈,15세 관람가
1356,세인트 빈센트,12세 관람가
1357,빅 아이즈,12세 관람가
1358,와일드,청소년 관람불가
1359,더 이퀄라이저,"액션, 범죄, 스릴러"
1360,지금은맞고그때는틀리다,청소년 관람불가
1361,엑스 마키나,청소년 관람불가
1362,모데카이,15세 관람가
1363,러덜리스,12세 관람가
1364,쓰리 썸머 나잇,청소년 관람불가
1365,타임 패러독스,15세 관람가
1366,피치 퍼펙트: 언프리티 걸즈,15세 관람가
1367,위자,2016.11.09.
1368,러브 액츄얼리,15세 관람가
1369,다크 플레이스,청소년 관람불가
1370,히트맨: 에이전트 47,15세 관람가
1371,보루토 - 나루토 더 무비,12세 관람가
1372,기생수 파트2,청소년 관람불가
1373,위아영,15세 관람가
1374,아더와 미니모이 3: 두 세계의 전쟁,전체 관람가
1375,주온: 더 파이널,15세 관람가
1376,파더 앤 도터,일본
1377,말할 수 없는 비밀,12세 관람가
1378,드래곤 블레이드,15세 관람가
1379,대니 콜린스,15세 관람가
1380,나이트 크롤러,청소년 관람불가
1381,고녀석 맛나겠다2 : 함께라서 행복해,전체 관람가
1382,더 랍스터,2015.10.29.
1383,개구리왕국,전체 관람가
1384,이웃집에 신이 산다,청소년 관람불가
1385,더 라스트: 나루토 더 무비,12세 관람가
1386,바다 탐험대 옥토넛 스페셜,전체 관람가
1387,더 비지트,15세 관람가
1388,바닷마을 다이어리,12세 관람가
1389,미안해 사랑해 고마워,15세 관람가
1390,비밀,15세 관람가
1391,라스트 위치 헌터,15세 관람가
1392,스트레이트 아웃 오브 컴턴,청소년 관람불가
1393,송 원,15세 관람가
1394,이스케이프,15세 관람가
1395,엘리노어 릭비: 그 남자 그 여자,15세 관람가
1396,크림슨 피크,청소년 관람불가
1397,한 번 더 해피엔딩,2015.04.08.
1398,피케이: 별에서 온 얼간이,15세 관람가
1399,약장수,15세 관람가
1400,성실한 나라의 앨리스,청소년 관람불가
1401,일곱난쟁이,전체 관람가
1402,코블러,15세 관람가
1403,데모닉,15세 관람가
1404,유고와 라라: 하늘고래와 구름섬 대모험,전체 관람가
1405,"웰컴, 삼바",15세 관람가
1406,포켓몬 레인저와 바다의 왕자 마나피,전체 관람가
1407,아델라인 : 멈춰진 시간,12세 관람가
1408,내일을 위한 시간,12세 관람가
1409,신은 죽지 않았다,2018.07.19.
1410,타이밍,15세 관람가
1411,정글번치: 너구리 해적단과 보물지도,전체 관람가
1412,위아 유어 프렌즈,청소년 관람불가
1413,추억의 마니,전체 관람가
1414,령 : 저주받은 사진,2015.06.04.
1415,한여름의 판타지아,2015.06.11.
1416,에스엠타운 더 스테이지,전체 관람가
1417,리틀드래곤 코코넛,전체 관람가
1418,팔로우,청소년 관람불가
1419,나를 미치게 하는 여자,청소년 관람불가
1420,"땡큐, 대디",전체 관람가
1421,더 테너 리리코 스핀토,12세 관람가
1422,파울볼,전체 관람가
1423,춘희막이,12세 관람가
1424,아이돌 마스터 무비 : 빛의 저편으로!,전체 관람가
1425,슈퍼 스파이: 수상한 임무,전체 관람가
1426,앙: 단팥 인생 이야기,2015.09.10.
1427,라자루스,15세 관람가
1428,몬스터 헌트,15세 관람가
1429,뽀로로 극장판 눈요정 마을 대모험,전체 관람가
1430,러브 앤 머시,15세 관람가
1431,트레이서,2015.03.19.
1432,폭스캐처,청소년 관람불가
1433,트래쉬,15세 관람가
1434,윈드랜드,"범죄, 미스터리, 드라마, 스릴러"
1435,숲속으로,전체 관람가
1436,진격의 거인: 홍련의 화살,15세 관람가
1437,종이 달,청소년 관람불가
1438,레전드 오브 래빗: 불의 전설,전체 관람가
1439,아마조니아,전체 관람가
1440,사이코패스,공포
1441,드래곤볼 Z : 부활의 F,전체 관람가
1442,마미,15세 관람가
1443,엘리제궁의 요리사,12세 관람가
1444,차일드 44,청소년 관람불가
1445,그 사람 그 사랑 그 세상,전체 관람가
1446,트립 투 이탈리아,15세 관람가
1447,스윗 프랑세즈,15세 관람가
1448,난 그녀와 키스했다,청소년 관람불가
1449,라이프,15세 관람가
1450,옐로우버드,전체 관람가
1451,부에나 비스타 소셜 클럽,12세 관람가
1452,비비안 마이어를 찾아서,전체 관람가
1453,무민 더 무비,전체 관람가
1454,마돈나,청소년 관람불가
1455,리그레션,15세 관람가
1456,원스 어폰 어 타임 인 아메리카,청소년 관람불가
1457,태양을 쏴라,청소년 관람불가
1458,유아 낫 유,2015.01.21.
1459,어떤살인,청소년 관람불가
1460,이민자,15세 관람가
1461,어바웃 리키,15세 관람가
1462,나쁜 나라,12세 관람가
1463,셀마,12세 관람가
1464,순교,전체 관람가
1465,이다,15세 관람가
1466,꼬마 유령,전체 관람가
1467,사랑이 이긴다,15세 관람가
1468,아스테릭스: 신들의 전당,전체 관람가
1469,라이드 : 나에게로의 여행,15세 관람가
1470,뷰티풀 라이,12세 관람가
1471,엘리펀트 송,15세 관람가
1472,어느 하녀의 일기,"프랑스, 이탈리아"
1473,하나와 앨리스: 살인사건,2015.05.28.
1474,리틀 보이,노르웨이
1475,"알로, 슈티",2015.07.02.
1476,빽 투 더 퓨쳐 2,12세 관람가
1477,호비와 엄마나무섬의 비밀,전체 관람가
1478,위로공단,2015.08.13.
1479,네이든,12세 관람가
1480,해피 홀리데이,12세 관람가
1481,미스터 터너,청소년 관람불가
1482,무드 인디고,15세 관람가
1483,아마데우스 감독판,Nan
1484,베스트 오브 미,스페인
1485,블랙버드,15세 관람가
1486,"안녕, 전우치! 도술로봇대결전",전체 관람가
1487,온리 유,2015.10.15.
1488,폴라로이드,2015.07.16.
1489,피아니스트,청소년 관람불가
1490,어우동: 주인 없는 꽃,청소년 관람불가
1491,빽 투 더 퓨쳐,12세 관람가
1492,타투,청소년 관람불가
1493,결혼하지 않아도 괜찮을까,12세 관람가
1494,검은손,청소년 관람불가
1495,클라우즈 오브 실스마리아,15세 관람가
1496,카이트,청소년 관람불가
1497,에이미,청소년 관람불가
1498,블러바드,15세 관람가
1499,바티칸 뮤지엄,전체 관람가
1500,명량,15세 관람가
1501,겨울왕국,전체 관람가
1502,인터스텔라,12세 관람가
1503,해적: 바다로 간 산적,12세 관람가
1504,수상한 그녀,15세 관람가
1505,변호인,15세 관람가
1506,국제시장,12세 관람가
1507,트랜스포머: 사라진 시대,12세 관람가
1508,군도: 민란의 시대,15세 관람가
1509,엣지 오브 투모로우,12세 관람가
1510,엑스맨: 데이즈 오브 퓨처 패스트,12세 관람가
1511,어메이징 스파이더맨 2,12세 관람가
1512,타짜-신의 손,청소년 관람불가
1513,혹성탈출: 반격의 서막,12세 관람가
1514,캡틴 아메리카: 윈터 솔져,15세 관람가
1515,역린,15세 관람가
1516,"님아, 그 강을 건너지 마오",2014.11.27.
1517,신의 한 수,15세 관람가
1518,끝까지 간다,15세 관람가
1519,비긴 어게인,15세 관람가
1520,드래곤 길들이기 2,전체 관람가
1521,표적,15세 관람가
1522,메이즈 러너,12세 관람가
1523,호빗: 다섯 군대 전투,2014.12.17.
1524,나의 사랑 나의 신부,15세 관람가
1525,논스톱,Nan
1526,인투 더 스톰,Nan
1527,노아,15세 관람가
1528,남자가 사랑할 때,15세 관람가
1529,루시,청소년 관람불가
1530,용의자,15세 관람가
1531,기술자들,15세 관람가
1532,나를 찾아줘,15세 관람가
1533,제보자,12세 관람가
1534,피끓는 청춘,15세 관람가
1535,두근두근 내 인생,12세 관람가
1536,우아한 거짓말,12세 관람가
1537,300: 제국의 부활,청소년 관람불가
1538,엑소더스: 신들과 왕들,12세 관람가
1539,해무(海霧),Nan
1540,인간중독,청소년 관람불가
1541,말레피센트,12세 관람가
1542,폼페이: 최후의 날,2014.02.20.
1543,퓨리,15세 관람가
1544,드라큘라: 전설의 시작,15세 관람가
1545,가디언즈 오브 갤럭시,12세 관람가
1546,찌라시: 위험한 소문,15세 관람가
1547,빅매치,15세 관람가
1548,슬로우 비디오,12세 관람가
1549,방황하는 칼날,청소년 관람불가
1550,로보캅,12세 관람가
1551,우리는 형제입니다,12세 관람가
1552,애나벨,스페인
1553,헝거게임: 모킹제이,15세 관람가
1554,월터의 상상은 현실이 된다,12세 관람가
1555,카트,12세 관람가
1556,관능의 법칙,청소년 관람불가
1557,그랜드 부다페스트 호텔,15세 관람가
1558,리오 2,전체 관람가
1559,"안녕, 헤이즐",12세 관람가
1560,고질라,12세 관람가
1561,트랜센던스,12세 관람가
1562,상의원,15세 관람가
1563,플랜맨,15세 관람가
1564,우는 남자,2014.06.04.
1565,타잔 3D,전체 관람가
1566,패션왕,15세 관람가
1567,황제를 위하여,청소년 관람불가
1568,더 울프 오브 월스트리트,청소년 관람불가
1569,스텝 업: 올 인,2014.09.03.
1570,어바웃 타임,15세 관람가
1571,몬스터,청소년 관람불가
1572,눈의 여왕 2: 트롤의 마법거울,전체 관람가
1573,노예 12년,15세 관람가
1574,또 하나의 약속,12세 관람가
1575,엔더스 게임,12세 관람가
1576,소녀괴담,15세 관람가
1577,조선미녀삼총사,12세 관람가
1578,넛잡: 땅콩 도둑들,전체 관람가
1579,마담 뺑덕,청소년 관람불가
1580,썬더와 마법저택,전체 관람가
1581,신이 보낸 사람,2014.02.13.
1582,다이버전트,15세 관람가
1583,주온 : 끝의 시작,15세 관람가
1584,좋은 친구들,청소년 관람불가
1585,닌자터틀,2016.06.16.
1586,명탐정 코난 : 이차원의 저격수,12세 관람가
1587,나의 독재자,15세 관람가
1588,천재 강아지 미스터 피바디,전체 관람가
1589,그녀,15세 관람가
1590,하이힐,청소년 관람불가
1591,선 오브 갓,2014.04.10.
1592,잭 라이언 : 코드네임 쉐도우,2014.01.16.
1593,"극장판 포켓몬스터 베스트위시: 신의 속도 게노세크트, 뮤츠의 각성",전체 관람가
1594,숲속으로,전체 관람가
1595,레드카펫,프랑스
1596,미녀와 야수,전체 관람가
1597,비행기 2: 소방구조대,전체 관람가
1598,프랑켄슈타인: 불멸의 영웅,12세 관람가
1599,"러브, 로지",15세 관람가
1600,오큘러스,18분
1601,사랑에 대한 모든 것,2014.12.10.
1602,마야,전체 관람가
1603,노벰버 맨,15세 관람가
1604,툼스톤,청소년 관람불가
1605,창문 넘어 도망친 100세 노인,15세 관람가
1606,그레이스 오브 모나코,12세 관람가
1607,레고 무비,전체 관람가
1608,뽀로로 극장판 눈요정 마을 대모험,전체 관람가
1609,쓰리데이즈 투 킬,2014.04.03.
1610,저스틴,전체 관람가
1611,극장판 루팡 3세 VS 명탐정 코난,12세 관람가
1612,한공주,Nan
1613,헤라클레스 : 레전드 비긴즈,15세 관람가
1614,"극장판 파워레인저 다이노포스VS고버스터즈 공룡 대결전! ~안녕, 영원한 친구여!~",Nan
1615,덕수리 5형제,15세 관람가
1616,덤 앤 더머 투,2014.11.27.
1617,론 서바이버,2021.02.18.
1618,컬러풀 웨딩즈,12세 관람가
1619,보이후드,15세 관람가
1620,일곱난쟁이,전체 관람가
1621,명탐정 코난 : 탐정들의 진혼가,12세 관람가
1622,하울의 움직이는 성,전체 관람가
1623,라스트베가스,15세 관람가
1624,아빠를 빌려드립니다,12세 관람가
1625,극장판 도라에몽: 진구의 아프리카 모험 ~베코와 5인의 탐험대~,Nan
1626,호빗: 스마우그의 폐허,2013.12.12.
1627,아메리칸 허슬,청소년 관람불가
1628,폴리스 스토리 2014,15세 관람가
1629,익스펜더블 3,15세 관람가
1630,마다가스카의 펭귄,전체 관람가
1631,테이큰 3,15세 관람가
1632,가시,청소년 관람불가
1633,마담 프루스트의 비밀정원,전체 관람가
1634,맨홀,청소년 관람불가
1635,꾸뻬씨의 행복여행,15세 관람가
1636,터키,2014.07.31.
1637,더 기버: 기억전달자,12세 관람가
1638,도희야,청소년 관람불가
1639,더 시그널,12세 관람가
1640,니드 포 스피드,15세 관람가
1641,인사이드 르윈,15세 관람가
1642,베리 굿 걸,2014.09.25.
1643,박스트롤,전체 관람가
1644,다이노소어 어드벤처 3D,전체 관람가
1645,슈퍼미니,전체 관람가
1646,집으로 가는 길,15세 관람가
1647,살인자,청소년 관람불가
1648,허큘리스,15세 관람가
1649,짱구는 못말려 극장판：엄청 맛있어! B급 음식 서바이벌!,전체 관람가
1650,씬 시티: 다크히어로의 부활,청소년 관람불가
1651,원 챈스,12세 관람가
1652,터널 3D,15세 관람가
1653,페이스 오브 러브,15세 관람가
1654,분신사바 2,15세 관람가
1655,아더 우먼,15세 관람가
1656,매직 인 더 문라이트,12세 관람가
1657,리스본행 야간열차,15세 관람가
1658,쿰바: 반쪽무늬 얼룩말의 대모험,전체 관람가
1659,그렇게 아버지가 된다,전체 관람가
1660,브릭 맨션: 통제불능 범죄구역,15세 관람가
1661,극장판 포켓몬스터 AG - 아름다운 소원의 별 지라치,전체 관람가
1662,프란시스 하,2014.07.17.
1663,정글히어로,"액션, 드라마"
1664,어거스트: 가족의 초상,15세 관람가
1665,모뉴먼츠 맨: 세기의 작전,Nan
1666,달라스 바이어스 클럽,청소년 관람불가
1667,인보카머스,청소년 관람불가
1668,더 바디,15세 관람가
1669,경주,15세 관람가
1670,님포매니악 볼륨1,청소년 관람불가
1671,더 퍼지 : 거리의 반란,청소년 관람불가
1672,극장판 가면라이더 VS 파워레인저 슈퍼히어로 대전,전체 관람가
1673,다이애나,"프랑스, 미국"
1674,5일의 마중,전체 관람가
1675,프랭크,15세 관람가
1676,내가 잠들기 전에,Nan
1677,"가장 따뜻한 색, 블루",청소년 관람불가
1678,어네스트와 셀레스틴,전체 관람가
1679,다이빙벨,2014.10.23.
1680,"제자, 옥한흠",전체 관람가
1681,베스트 오퍼,15세 관람가
1682,내 연애의 기억,2014.08.20.
1683,설계,청소년 관람불가
1684,족구왕,15세 관람가
1685,부니 베어: 롤라 구출 대모험,전체 관람가
1686,우리별 일호와 얼룩소,전체 관람가
1687,울브스,15세 관람가
1688,그레이트 뷰티,청소년 관람불가
1689,개를 훔치는 완벽한 방법,전체 관람가
1690,나쁜 이웃들,청소년 관람불가
1691,천국에 다녀온 소년,전체 관람가
1692,그날 본 꽃의 이름을 우리는 아직 모른다,12세 관람가
1693,자유의 언덕,청소년 관람불가
1694,필로미나의 기적,12세 관람가
1695,백프로,15세 관람가
1696,몬스터 왕국,전체 관람가
1697,슈퍼노바 지구 탈출기,전체 관람가
1698,파가니니: 악마의 바이올리니스트,15세 관람가
1699,만신,15세 관람가
1700,목숨,12세 관람가
1701,마미,15세 관람가
1702,초콜렛 도넛,15세 관람가
1703,오직 사랑하는 이들만이 살아남는다,15세 관람가
1704,"메밀꽃, 운수 좋은 날, 그리고 봄봄",전체 관람가
1705,꼬마 잠수함 올리 2,전체 관람가
1706,위크엔드 인 파리,15세 관람가
1707,무드 인디고,15세 관람가
1708,배틀 오브 비보이,12세 관람가
1709,그래비티,6분
1710,킬 유어 달링,청소년 관람불가
1711,마이 블랭키,전체 관람가
1712,동경가족,전체 관람가
1713,꼬마 니콜라의 여름방학,전체 관람가
1714,굿모닝 맨하탄,전체 관람가
1715,앵그리스트 맨,2014.10.30.
1716,벨과 세바스찬,2017.08.10.
1717,마인드스케이프,15세 관람가
1718,지골로 인 뉴욕,청소년 관람불가
1719,행복배달부 팻아저씨,전체 관람가
1720,꼬마잠수함 올리,전체 관람가
1721,왓 이프,2014.11.13.
1722,어떤 만남,18분
1723,선샤인 온 리스,12세 관람가
1724,유고와 라라 : 신비의 숲 어드벤처,전체 관람가
1725,꼬마영웅 경찰차 프로디2,전체 관람가
1726,쥬로링 동물탐정 극장판,전체 관람가
1727,님포매니악 볼륨2,청소년 관람불가
1728,비행기,1분
1729,GROW: 인피니트의 리얼 청춘 라이프,전체 관람가
1730,고스트 메신저 극장판,12세 관람가
1731,타임 투 러브,청소년 관람불가
1732,디노타샤: 공룡대탐험,전체 관람가
1733,거인,12세 관람가
1734,엔들리스 러브,15세 관람가
1735,극장판 뛰뛰빵빵 구조대 미션: 둥둥이를 구하라!,전체 관람가
1736,천하무적 키코리키,전체 관람가
1737,클라우즈 오브 실스마리아,15세 관람가
1738,초원의 왕 도제,전체 관람가
1739,이브 생 로랑,청소년 관람불가
1740,60만번의 트라이,12세 관람가
1741,그랜드 피아노,브라질
1742,그 사람 그 사랑 그 세상,전체 관람가
1743,슈퍼처방전,12세 관람가
1744,누구에게나 찬란한,전체 관람가
1745,사막에서 연어낚시,12세 관람가
1746,스페이스 독 2,전체 관람가
1747,에코,전체 관람가
1748,빌리 엘리어트 뮤지컬 라이브,2014.11.27.
1749,비포 : 치즈와 초콜릿을 찾아서,전체 관람가
1750,이디야와 얼음왕국의 전설,Nan
1751,스톤,15세 관람가
1752,본타: 땅콩왕국의 전설,전체 관람가
1753,캡틴 하록,12세 관람가
1754,더 테너 리리코 스핀토,12세 관람가
1755,밀리언 웨이즈,청소년 관람불가
1756,위험한 패밀리,청소년 관람불가
1757,혼스,2014.11.27.
1758,호비와 쿠우의 어드벤처 : 고래의 노래,전체 관람가
1759,엘리아스: 바다의 보물을 찾아라!,전체 관람가
1760,프라이버시,15세 관람가
1761,산타바바라,2014.07.16.
1762,오드토머스,15세 관람가
1763,가구야공주 이야기,2014.06.04.
1764,로코왕국의 전설: 엘프킹을 찾아서,전체 관람가
1765,모스트 원티드 맨,청소년 관람불가
1766,메멘토,15세 관람가
1767,물랑루즈,15세 관람가
1768,웨스턴 리벤지,청소년 관람불가
1769,극장판 날아라! 호빵맨 : 바나나섬을 되찾아줘,전체 관람가
1770,토마스와 친구들: 잃어버린 왕관,전체 관람가
1771,스턱 인 러브,15세 관람가
1772,행복한 사전,Nan
1773,"하늘을 나는 강아지, 비포와 친구들",전체 관람가
1774,세이빙 산타,전체 관람가
1775,쿼바디스,12세 관람가
1776,봄,청소년 관람불가
1777,피노키오의 모험,전체 관람가
1778,버진 스노우,청소년 관람불가
1779,런치박스,12세 관람가
1780,피막,12세 관람가
1781,테레즈 라캥,청소년 관람불가
1782,중2병이라도 사랑이 하고 싶어! 극장판,2014.02.06.
1783,프로즌 그라운드,청소년 관람불가
1784,캐치미,한국
1785,그 사람 추기경,전체 관람가
1786,황금시대,12세 관람가
1787,몽상가들,청소년 관람불가
1788,조난자들,15세 관람가
1789,할리데이,청소년 관람불가
1790,세이빙 미스터 뱅크스,2014.04.03.
1791,시선,12세 관람가
1792,아바타 정글의 비밀,전체 관람가
1793,디태치먼트,청소년 관람불가
1794,유아 넥스트,청소년 관람불가
1795,사다코 2,15세 관람가
1796,로미오와 줄리엣,15세 관람가
1797,르누아르,청소년 관람불가
1798,피쉬와 칩스 극장판,전체 관람가
1799,현기증,청소년 관람불가
1800,설국열차,15세 관람가
1801,관상,15세 관람가
1802,아이언맨 3,12세 관람가
1803,베를린,15세 관람가
1804,은밀하게 위대하게,15세 관람가
1805,변호인,15세 관람가
1806,숨바꼭질,15세 관람가
1807,더 테러 라이브,액션
1808,감시자들,15세 관람가
1809,월드 워 Z,"액션, 서스펜스"
1810,신세계,청소년 관람불가
1811,박수건달,15세 관람가
1812,스파이,15세 관람가
1813,그래비티,6분
1814,타워,12세 관람가
1815,감기,15세 관람가
1816,토르: 다크 월드,12세 관람가
1817,레드: 더 레전드,15세 관람가
1818,친구 2,청소년 관람불가
1819,어바웃 타임,15세 관람가
1820,나우 유 씨 미 : 마술사기단,12세 관람가
1821,소원,12세 관람가
1822,레미제라블,12세 관람가
1823,퍼시픽 림,2018.03.21.
1824,화이: 괴물을 삼킨 아이,Nan
1825,컨저링,15세 관람가
1826,맨 오브 스틸,2013.06.13.
1827,용의자,15세 관람가
1828,호빗: 스마우그의 폐허,2013.12.12.
1829,몽타주,15세 관람가
1830,터보,전체 관람가
1831,연애의 온도,청소년 관람불가
1832,지.아이.조 2,2013.03.28.
1833,분노의 질주: 더 맥시멈,15세 관람가
1834,공범,15세 관람가
1835,집으로 가는 길,15세 관람가
1836,전설의 주먹,청소년 관람불가
1837,파파로티,15세 관람가
1838,스타트렉 다크니스,12세 관람가
1839,라이프 오브 파이,전체 관람가
1840,오블리비언,15세 관람가
1841,위대한 개츠비,15세 관람가
1842,다이하드: 굿 데이 투 다이,15세 관람가
1843,런닝맨,15세 관람가
1844,미스터 고,12세 관람가
1845,결혼전야,15세 관람가
1846,깡철이,15세 관람가
1847,엘리시움,청소년 관람불가
1848,더 웹툰: 예고살인,15세 관람가
1849,웜 바디스,2013.03.14.
1850,고령화 가족,15세 관람가
1851,헝거게임: 캣칭 파이어,15세 관람가
1852,더 울버린,15세 관람가
1853,동창생,15세 관람가
1854,에픽 : 숲속의 전설,전체 관람가
1855,전국노래자랑,12세 관람가
1856,슈퍼배드 2,전체 관람가
1857,잭 더 자이언트 킬러,2013.02.28.
1858,크루즈 패밀리,전체 관람가
1859,뽀로로 극장판 슈퍼썰매 대모험,전체 관람가
1860,개구쟁이 스머프 2,전체 관람가
1861,몬스터 호텔,전체 관람가
1862,열한시,15세 관람가
1863,몬스터 대학교,전체 관람가
1864,남쪽으로 튀어,15세 관람가
1865,하늘에서 음식이 내린다면 2,전체 관람가
1866,잭 리처,2016.11.30.
1867,반창꼬,15세 관람가
1868,더 파이브,청소년 관람불가
1869,더 임파서블,12세 관람가
1870,인시디어스: 두번째 집,15세 관람가
1871,섀도우 헌터스: 뼈의 도시,15세 관람가
1872,화이트 하우스 다운,15세 관람가
1873,애프터 어스,12세 관람가
1874,사이코메트리,청소년 관람불가
1875,퍼시 잭슨과 괴물의 바다,12세 관람가
1876,남자사용설명서,15세 관람가
1877,다이노소어 어드벤처 3D,전체 관람가
1878,무서운 이야기 2,15세 관람가
1879,캐치미,한국
1880,썬더와 마법저택,전체 관람가
1881,노브레싱,15세 관람가
1882,클라우드 아틀라스,청소년 관람불가
1883,창수,청소년 관람불가
1884,명탐정 코난 : 수평선상의 음모,12세 관람가
1885,론 레인저,15세 관람가
1886,스토커,청소년 관람불가
1887,오즈 그레이트 앤드 파워풀,전체 관람가
1888,미나문방구,전체 관람가
1889,차이니즈 조디악,12세 관람가
1890,빌리와 용감한 녀석들 2,전체 관람가
1891,주먹왕 랄프,전체 관람가
1892,이스케이프 플랜,"공포, 스릴러"
1893,눈의 여왕,미국
1894,롤러코스터,15세 관람가
1895,헨젤과 그레텔: 마녀 사냥꾼 3D,Nan
1896,파이스토리 : 악당상어 소탕작전,전체 관람가
1897,장고:분노의 추적자,Nan
1898,밤의 여왕,15세 관람가
1899,캡틴 필립스,15세 관람가
1900,잠베지아: 신비한 나무섬의 비밀,전체 관람가
1901,분노의 윤리학,청소년 관람불가
1902,잡스,12세 관람가
1903,세이빙 산타,전체 관람가
1904,짱구는 못말려 극장판:태풍을 부르는 나와 우주의 프린세스,전체 관람가
1905,송 포 유,2013.04.18.
1906,호빗: 뜻밖의 여정,12세 관람가
1907,비행기,1분
1908,비포 미드나잇,청소년 관람불가
1909,응징자,청소년 관람불가
1910,프리즈너스,청소년 관람불가
1911,마이 리틀 히어로,전체 관람가
1912,해양경찰 마르코,전체 관람가
1913,백악관 최후의 날,2013.06.05.
1914,로마 위드 러브,청소년 관람불가
1915,명탐정 코난:은빛 날개의 마술사,전체 관람가
1916,톱스타,15세 관람가
1917,노리개,15세 관람가
1918,엔더스 게임,12세 관람가
1919,니코: 산타비행단의 모험,전체 관람가
1920,더 자이언트,전체 관람가
1921,히든 카드,청소년 관람불가
1922,가문의 영광5 - 가문의 귀환,15세 관람가
1923,안나 카레니나,15세 관람가
1924,지슬 - 끝나지 않은 세월2,15세 관람가
1925,블루 재스민,15세 관람가
1926,링컨,12세 관람가
1927,더 퍼지,청소년 관람불가
1928,카운슬러,청소년 관람불가
1929,리딕,15세 관람가
1930,러시 : 더 라이벌,청소년 관람불가
1931,실버라이닝 플레이북,청소년 관람불가
1932,버틀러: 대통령의 집사,15세 관람가
1933,극장판 도라에몽: 진구의 비밀도구 박물관,전체 관람가
1934,배우는 배우다,2013.10.24.
1935,제로 다크 서티,2013.03.07.
1936,마지막 4중주,15세 관람가
1937,월터의 상상은 현실이 된다,12세 관람가
1938,바람이 분다,17분
1939,일대종사,12세 관람가
1940,R.I.P.D. : 알.아이.피.디.,15세 관람가
1941,로덴시아: 마법왕국의 전설,2013.10.02.
1942,원피스 극장판 Z,전체 관람가
1943,마마,15세 관람가
1944,몬스터 주식회사,전체 관람가
1945,더 콜,청소년 관람불가
1946,뷰티풀 크리처스,15세 관람가
1947,토토의 움직이는 숲,전체 관람가
1948,쿵후팬더: 영웅의 탄생,전체 관람가
1949,니모를 찾아서,전체 관람가
1950,오싱,전체 관람가
1951,화이트 고릴라,전체 관람가
1952,투 마더스,2013.08.22.
1953,피노키오: 당나귀 섬의 비밀,전체 관람가
1954,우리 선희,청소년 관람불가
1955,닥터,청소년 관람불가
1956,토니 스토리: 깡통제국의 비밀,전체 관람가
1957,라스트 스탠드,6분
1958,정글번치 : 빙산으로의 귀환,Nan
1959,에반게리온: Q,15세 관람가
1960,산타의 매직 크리스탈,전체 관람가
1961,웃는 남자,15세 관람가
1962,아무르,Nan
1963,호프 스프링즈,청소년 관람불가
1964,돌핀 : 꿈꾸는 다니엘의 용감한 모험,전체 관람가
1965,꼬마영웅 경찰차 프로디,전체 관람가
1966,길위에서,전체 관람가
1967,스카이포스 3D,전체 관람가
1968,언어의 정원,12세 관람가
1969,블랙 가스펠,전체 관람가
1970,그렇게 아버지가 된다,전체 관람가
1971,뜨거운 안녕,12세 관람가
1972,적인걸2 : 신도해왕의 비밀,12세 관람가
1973,슈퍼윙스 3D,전체 관람가
1974,러브레터,전체 관람가
1975,나의 PS 파트너,청소년 관람불가
1976,호두까기인형 3D,전체 관람가
1977,프리버즈: 밍쿠와 찌아의 도시 대탈출,전체 관람가
1978,글래디에이터: 로마 영웅 탄생의 비밀 3D,전체 관람가
1979,드래곤볼Z : 신들의 전쟁,전체 관람가
1980,레옹,청소년 관람불가
1981,쥬라기 공원,15세 관람가
1982,호스트,15세 관람가
1983,스니치,15세 관람가
1984,세이프 헤이븐,네덜란드
1985,끝과 시작,청소년 관람불가
1986,폭풍우 치는 밤에: 비밀 친구,전체 관람가
1987,사이드 이펙트,청소년 관람불가
1988,저스틴,전체 관람가
1989,극장판 썬더일레븐 GO VS 골판지 전사 W,전체 관람가
1990,에코 플래닛 3D : 지구 구출 특급 대작전,전체 관람가
1991,문라이즈 킹덤,2013.01.31.
1992,뫼비우스,청소년 관람불가
1993,누구의 딸도 아닌 해원,청소년 관람불가
1994,드래곤 헌터,전체 관람가
1995,더 헌트,90분
1996,마스터,15세 관람가
1997,빅 웨딩,청소년 관람불가
1998,러스트 앤 본,청소년 관람불가
1999,꼭두각시,청소년 관람불가
2000,어떤 시선,12세 관람가
2001,극장판 나루토 질풍전: 로드 투 닌자,전체 관람가
2002,러브액츄얼리: 크리스마스 에디션,15세 관람가
2003,원 데이,15세 관람가
2004,머드,15세 관람가
2005,쾌걸 조로리의 대대대대모험,Nan
2006,코비: 블루 엘리펀트의 전설,전체 관람가
2007,시네마 천국,전체 관람가
2008,스파이크,전체 관람가
2009,빅 픽처,청소년 관람불가
2010,히어로,15세 관람가
2011,빨간머리 앤 : 그린게이블로 가는 길,2013.01.09.
2012,8월의 크리스마스,15세 관람가
2013,디스커넥트,팔레스타인
2014,부에노스 아이레스에서 사랑에 빠질 확률,15세 관람가
2015,26년,15세 관람가
2016,짓,청소년 관람불가
2017,알렉스 크로스,청소년 관람불가
2018,프라미스드 랜드,12세 관람가
2019,잉여들의 히치하이킹,12세 관람가
2020,까밀 리와인드,2013.07.18.
2021,사이비,청소년 관람불가
2022,플레이스 비욘드 더 파인즈,청소년 관람불가
2023,그랑블루 리마스터링 감독판,Nan
2024,천안함 프로젝트,12세 관람가
2025,아기기린 자라파,전체 관람가
2026,소녀,청소년 관람불가
2027,플라이트,청소년 관람불가
2028,완전 소중한 사랑,12세 관람가
2029,꼬마마녀 요요와 네네,전체 관람가
2030,러브레이스,청소년 관람불가
2031,세상의 끝까지 21일,15세 관람가
2032,가디언즈,12세 관람가
2033,극장판 포켓몬스터 베스트위시「큐레무 VS 성검사 케르디오」,전체 관람가
2034,테이크다운,15세 관람가
2035,부도리의 꿈,전체 관람가
2036,셰임,독일
2037,이별계약,12세 관람가
2038,홀리 모터스,청소년 관람불가
2039,퍼펙트,청소년 관람불가
2040,잉투기,2013.11.14.
2041,인 더 하우스,2013.07.04.
2042,타이치0 3D,12세 관람가
2043,앤젤스 셰어: 천사를 위한 위스키,15세 관람가
2044,월플라워,15세 관람가
2045,미스터 노바디,15세 관람가
2046,터치 오브 라이트,전체 관람가
2047,명왕성,한국
2048,베이트,미국
2049,로얄 어페어,청소년 관람불가
2050,호비와 후후의 대모험: 무지개꽃을 구하라,전체 관람가
2051,쇼를 사랑한 남자,청소년 관람불가
2052,데드폴,2013.01.23.
2053,극장판 포켓몬스터 베스트위시「메로엣타의 반짝반짝 음악회」,Nan
2054,공정사회,청소년 관람불가
2055,갬빗,15세 관람가
2056,아티스트 봉만대,청소년 관람불가
2057,안녕?! 오케스트라,전체 관람가
2058,어느 예술가의 마지막 일주일,15세 관람가
2059,터미네이터 2 : 심판의 날 감독판,Nan
2060,피치 퍼펙트,15세 관람가
2061,48미터,2013.07.04.
2062,올 이즈 로스트,12세 관람가
2063,사랑은 타이핑 중!,15세 관람가
2064,새 구두를 사야해,12세 관람가
2065,킥 애스 2 : 겁없는 녀석들,청소년 관람불가
2066,브로큰 시티,15세 관람가
2067,코스모폴리스,청소년 관람불가
2068,아유레디?,12세 관람가
2069,콰르텟,12세 관람가
2070,극장판 토리코 : 미식신의 스페셜메뉴,전체 관람가
2071,토마스와 친구들: 블루마운틴 미스터리,전체 관람가
2072,세션 : 이 남자가 사랑하는 법,2013.01.17.
2073,페어리테일: 봉황의 무녀,전체 관람가
2074,소명 하늘의 별,12세 관람가
2075,슈퍼히어로,전체 관람가
2076,모래가 흐르는 강,2013.03.28.
2077,파라노만,12세 관람가
2078,"다시, 뜨겁게 사랑하라!",15세 관람가
2079,로봇 앤 프랭크,12세 관람가
2080,당신에게도 사랑이 다시 찾아올까요?,15세 관람가
2081,나에게서 온 편지,12세 관람가
2082,쉐프,전체 관람가
2083,콜렉션,청소년 관람불가
2084,드림팀,12세 관람가
2085,라스트 엑소시즘: 잠들지 않는 영혼,15세 관람가
2086,메탈리카 스루 더 네버,15세 관람가
2087,로렌스 애니웨이,15세 관람가
2088,킬링시즌,청소년 관람불가
2089,"페어웰, 마이 퀸",15세 관람가
2090,연애의 기술,청소년 관람불가
2091,초한지: 영웅의 부활,Nan
2092,라 붐,15세 관람가
2093,노킹 온 헤븐스 도어,15세 관람가
2094,폭스파이어,15세 관람가
2095,날아라! 호빵맨 극장판: 구하라! 코코링과 기적의 별,전체 관람가
2096,화양연화,15세 관람가
2097,춤추는 숲,전체 관람가
2098,"가자, 장미여관으로",청소년 관람불가
